RK,NAME,KEEP?,POS,,TEAM,AGE,SALARY,FP,/GP,VORP,/$,ADP,DIFF.,,ADJ,GP,TOI,G,A,PTS,SOG,PPG,PPP,SHG,SHP,BLK,HIT,+/-,PIM,GWG,FOW,FOL,FO%,,GP,W,L,OTL,SO,SV,GA,SV%,GAA
1,Nathan MacKinnon,Y,C,1,COL,30,$12.6,548.1,6.6,219.5,17.6,2.4,1.4,, ,83,22.0,46,78,123,351,10,34,0,0,45,58,14,34,8,684,699,49%,,,,,,,,,,
2,Connor McDavid,Y,C,2,EDM,29,$12.5,526.8,6.5,198.3,15.9,1.5,-0.5,, ,81,22.0,40,91,131,283,12,51,0,0,29,48,10,38,7,439,453,49%,,,,,,,,,,
3,Cale Makar,Y,D,1,COL,27,$9.0,419.0,5.1,175.2,14.0,7.3,4.3,, ,82,25.3,22,64,86,226,7,34,1,1,132,52,10,25,4,0,0,0%,,,,,,,,,,
4,Zach Werenski,Y,D,2,CBJ,29,$9.6,415.4,5.1,171.5,13.7,17.1,13.1,, ,81,27.1,21,62,83,281,5,25,0,1,118,36,5,30,3,0,0,0%,,,,,,,,,,
5,Nikita Kucherov,Y,RW,1,T.B,33,$9.5,501.3,6.1,166.5,13.3,4.1,-0.9,, ,82,20.3,41,86,127,257,9,44,0,0,34,37,13,35,7,1,2,30%,,,,,,,,,,
6,Macklin Celebrini,Y,C,3,S.J,20,$1.0,488.5,6.0,160.0,12.8,7.4,1.4,,+,82,21.4,44,68,112,295,10,34,0,0,56,53,-1,42,6,627,667,48%,,,,,,,,,,
7,Evan Bouchard,Y,D,3,EDM,26,$10.5,402.1,4.8,158.2,12.7,18.9,11.9,, ,84,24.9,18,66,84,228,6,35,0,1,115,44,9,36,3,0,0,0%,,,,,,,,,,
8,Auston Matthews,Y,C,4,TOR,28,$13.3,483.8,6.2,155.2,12.4,17.1,9.1,,+,78,20.6,44,45,89,312,12,27,0,0,88,57,4,23,6,726,550,57%,,,,,,,,,,
9,Quinn Hughes,Y,D,4,MIN,26,$7.9,392.4,4.9,148.5,11.9,14.1,5.1,, ,81,27.7,15,76,91,216,4,37,0,0,98,21,6,37,2,0,0,0%,,,,,,,,,,
10,Leon Draisaitl,Y,"C,LW",1,EDM,30,$14.0,476.4,6.0,147.7,11.8,6.6,-3.4,, ,79,21.1,45,66,112,233,19,46,0,0,24,39,9,40,8,750,588,56%,,,,,,,,,,
11,Rasmus Dahlin,Y,D,5,BUF,26,$11.0,386.9,4.8,143.1,11.4,35.8,24.8,,+ +,81,24.2,22,56,78,219,7,25,0,0,100,84,6,61,3,0,0,0%,,,,,,,,,,
12,David Pastrnak,Y,RW,2,BOS,30,$11.3,474.6,5.7,139.8,11.2,9.5,-2.5,, ,83,20.6,37,68,105,304,10,30,0,0,32,80,1,46,5,4,8,30%,,,,,,,,,,
13,Moritz Seider,N,D,6,DET,25,$8.6,381.2,4.5,137.3,11.0,55.9,42.9,, ,84,25.9,11,48,59,186,4,28,0,0,181,145,2,54,2,0,0,0%,,,,,,,,,,
14,Matthew Schaefer,Y,D,7,NYI,18,$1.0,370.2,4.4,126.4,10.1,34.2,20.2,,+,83,24.8,26,45,71,231,10,24,0,0,114,46,-1,44,4,0,0,0%,,,,,,,,,,
15,Matt Boldy,Y,"LW,RW",3,MIN,25,$7.0,450.8,5.5,116.0,9.3,20.9,5.9,,+,82,21.5,41,52,92,287,11,30,2,2,65,63,6,46,7,60,75,45%,,,,,,,,,,
16,Jason Robertson,Y,"LW,RW",4,DAL,27,$12.0,450.1,5.4,115.2,9.2,13.3,-2.7,, ,84,20.2,41,54,95,283,13,35,0,0,39,56,9,30,7,1,4,27%,,,,,,,,,,
17,Kirill Kaprizov,Y,LW,4,MIN,29,$17.0,443.5,5.8,114.8,9.2,10.9,-6.1,,+,77,22.1,46,51,97,272,17,33,0,0,30,49,6,33,8,0,2,0%,,,,,,,,,,
18,Jack Eichel,Y,C,6,VGK,29,$13.5,432.4,5.4,103.9,8.3,23.0,5.0,, ,80,21.4,32,66,98,285,6,35,1,2,49,37,8,21,6,596,685,46%,,,,,,,,,,
19,Jack Hughes,Y,"C,LW",5,N.J,25,$8.0,423.9,5.6,95.1,7.6,18.8,-0.2,,+,76,21.7,36,63,99,299,8,33,1,1,38,13,3,21,5,203,351,37%,,,,,,,,,,
20,Brady Tkachuk,Y,"C,LW",6,FLA,26,$8.2,419.5,5.3,90.8,7.3,24.0,4.0,, ,79,17.5,28,35,63,285,7,17,0,0,32,218,6,74,5,209,179,54%,,,,,,,,,,
21,Jakob Chychrun,N,D,8,WSH,28,$9.0,333.4,4.0,89.6,7.2,54.7,33.7,, ,83,23.2,21,33,55,218,7,19,0,0,118,63,6,58,3,0,0,0%,,,,,,,,,,
22,Lane Hutson,Y,D,9,MTL,22,$8.9,330.7,3.9,86.9,7.0,20.0,-2.0,, ,84,23.7,12,66,78,128,2,27,0,0,132,39,9,38,2,0,0,0%,,,,,,,,,,
23,Filip Forsberg,Y,LW,8,NSH,32,$8.5,414.3,4.9,85.6,6.8,56.1,33.1,, ,84,18.9,36,40,76,271,10,25,0,0,40,128,-2,40,5,10,20,33%,,,,,,,,,,
24,Martin Necas,Y,RW,5,COL,27,$11.5,420.2,5.1,85.3,6.8,14.8,-9.2,, ,82,21.2,36,60,96,231,10,28,0,0,30,84,10,34,7,23,36,39%,,,,,,,,,,
25,Darren Raddysh,Y,D,10,TOR,30,$8.5,328.4,4.0,84.6,6.8,50.4,25.4,, ,81,23.3,15,46,60,199,7,23,0,0,96,76,3,41,2,0,0,0%,,,,,,,,,,
26,Cutter Gauthier,Y,"C,LW,RW",6,ANA,22,$0.0,418.5,5.1,83.7,6.7,33.6,7.6,, ,82,18.8,41,37,78,312,12,24,0,0,35,79,-2,32,6,96,123,44%,,,,,,,,,,
27,Nick Suzuki,Y,C,11,MTL,27,$7.9,410.1,4.9,81.6,6.5,12.1,-14.9,, ,84,20.8,31,64,95,190,9,36,1,1,64,64,7,24,5,742,704,51%,,,,,,,,,,
28,Jake Sanderson,Y,D,11,OTT,24,$8.1,324.1,4.0,80.3,6.4,63.7,35.7,, ,81,24.6,14,44,58,179,5,23,0,1,155,49,3,20,2,0,0,25%,,,,,,,,,,
29,Wyatt Johnston,Y,"C,RW",7,DAL,23,$8.4,414.9,4.9,80.1,6.4,18.6,-10.4,, ,84,19.9,43,46,89,226,20,36,0,0,53,56,5,32,7,426,436,49%,,,,,,,,,,
30,Kyle Connor,Y,LW,9,WPG,29,$12.0,408.0,5.0,79.3,6.3,29.0,-1.0,, ,82,21.5,39,52,91,276,7,23,1,1,29,35,1,22,7,0,3,10%,,,,,,,,,,
31,Adam Fox,Y,D,12,NYR,28,$9.5,319.1,4.1,75.3,6.0,58.0,27.0,, ,77,23.8,13,59,72,136,5,30,0,1,110,47,4,36,2,0,0,0%,,,,,,,,,,
32,Sidney Crosby,Y,C,12,PIT,39,$8.7,402.3,4.9,73.8,5.9,52.6,20.6,, ,81,19.4,33,52,85,214,11,26,0,0,37,70,1,37,5,973,743,57%,,,,,,,,,,
33,Aleksander Barkov,Y,C,13,FLA,30,$10.0,400.9,5.0,72.4,5.8,52.4,19.4,, ,79,20.5,25,57,82,200,8,31,1,3,58,98,6,28,4,704,534,57%,,,,,,,,,,
34,Jackson LaCombe,N,D,14,ANA,25,$9.0,314.5,3.8,70.6,5.7,79.5,45.5,,+,82,24.9,13,45,58,163,4,20,0,1,137,79,-3,31,2,0,0,0%,,,,,,,,,,
35,Roman Josi,Y,D,15,NSH,36,$9.1,312.9,4.0,69.1,5.5,79.9,44.9,, ,78,24.9,12,44,56,203,4,23,0,0,121,41,-3,37,2,0,0,0%,,,,,,,,,,
36,Dylan Guenther,Y,"LW,RW",8,UTA,23,$7.1,403.6,5.0,68.7,5.5,39.6,3.6,,+ +,81,17.8,40,42,82,255,12,31,0,0,36,71,3,31,6,22,39,36%,,,,,,,,,,
37,Connor Hellebuyck,,G,1,WPG,33,$8.5,266.4,4.4,67.7,5.4,26.6,-10.4,, ,,,,,,,,,,,,,,,,,,,,60,31,21,7,4,"1,579",156,0.910,2.61
38,Andrei Vasilevskiy,,G,2,T.B,32,$9.5,265.7,4.8,67.0,5.4,11.9,-26.1,, ,,,,,,,,,,,,,,,,,,,,55,34,16,5,4,"1,469",142,0.912,2.59
39,Tage Thompson,Y,"C,RW",9,BUF,28,$7.1,397.4,4.9,62.5,5.0,29.7,-9.3,, ,82,19.1,40,38,79,273,8,23,0,0,44,81,2,35,6,384,489,44%,,,,,,,,,,
40,Cole Caufield,Y,"LW,RW",10,MTL,25,$7.9,396.8,4.7,61.9,5.0,18.6,-21.4,, ,84,18.2,42,38,80,267,11,26,0,0,26,57,6,19,7,7,11,38%,,,,,,,,,,
41,Bo Horvat,Y,C,16,NYI,31,$8.5,387.6,4.8,59.0,4.7,126.1,85.1,, ,81,22.0,33,34,67,273,7,15,2,2,48,76,-2,32,5,868,673,56%,,,,,,,,,,
42,Josh Morrissey,Y,D,16,WPG,31,$6.3,302.2,3.7,58.4,4.7,86.6,44.6,, ,83,24.6,11,48,59,166,2,19,0,0,123,49,5,35,2,0,0,0%,,,,,,,,,,
43,Matthew Tkachuk,Y,"LW,RW",11,FLA,28,$9.5,393.1,5.1,58.2,4.7,33.3,-9.7,, ,77,18.8,29,53,83,237,10,31,0,0,23,96,5,64,5,6,14,29%,,,,,,,,,,
44,Charlie McAvoy,Y,D,17,BOS,28,$9.5,301.6,3.9,57.8,4.6,99.6,55.6,, ,77,25.7,11,43,54,139,2,18,0,0,143,98,-1,69,1,0,0,0%,,,,,,,,,,
45,William Nylander,Y,"C,RW",12,TOR,30,$11.5,391.8,4.8,57.0,4.6,42.8,-2.2,, ,81,20.1,39,53,92,236,10,29,0,0,32,22,2,26,5,52,63,45%,,,,,,,,,,
46,Brandt Clarke,N,D,18,L.A,23,$7.4,299.9,3.6,56.1,4.5,104.6,58.6,,+,82,21.1,10,39,49,178,2,16,0,0,172,44,3,56,2,0,0,0%,,,,,,,,,,
47,Nico Hischier,Y,C,17,N.J,27,$7.3,384.1,4.7,55.6,4.4,131.2,84.2,, ,82,21.1,32,41,74,217,12,26,0,1,62,56,2,27,5,"1,033",816,56%,,,,,,,,,,
48,Mikko Rantanen,Y,"LW,RW",13,DAL,29,$12.0,389.7,4.8,54.9,4.4,24.9,-23.1,, ,81,20.3,31,60,91,198,10,36,0,0,40,55,6,58,5,98,97,50%,,,,,,,,,,
49,Logan Thompson,,G,3,WSH,29,$5.9,252.2,4.6,53.5,4.3,28.6,-20.4,, ,,,,,,,,,,,,,,,,,,,,55,32,17,6,4,"1,459",146,0.909,2.66
50,Alex DeBrincat,Y,"LW,RW",14,DET,28,$7.9,387.2,4.6,52.4,4.2,42.1,-7.9,, ,84,18.4,37,40,78,273,13,24,0,0,40,44,1,29,6,21,30,41%,,,,,,,,,,
51,MacKenzie Weegar,N,D,19,UTA,32,$6.3,295.9,3.5,52.1,4.2,110.3,59.3,, ,83,22.5,6,26,33,153,1,8,0,1,180,170,-1,49,1,0,0,0%,,,,,,,,,,
52,Noah Dobson,Y,D,20,MTL,26,$9.5,295.6,3.6,51.8,4.1,96.3,44.3,, ,82,23.1,11,37,47,171,1,8,0,1,174,67,3,37,2,0,0,0%,,,,,,,,,,
53,Tim Stützle,Y,"C,LW",15,OTT,24,$8.4,379.8,4.6,51.0,4.1,47.2,-5.8,, ,83,20.0,29,50,79,194,6,28,1,1,46,122,3,38,5,298,303,50%,,,,,,,,,,
54,Jet Greaves,,G,4,CBJ,25,$5.0,244.4,4.4,45.7,3.7,123.9,69.9,, ,,,,,,,,,,,,,,,,,,,,55,29,19,6,4,"1,471",149,0.908,2.70
55,Adrian Kempe,Y,RW,15,L.A,29,$10.6,379.5,4.6,44.7,3.6,52.7,-2.3,, ,83,19.2,34,41,75,239,6,17,0,1,39,116,1,51,5,42,73,37%,,,,,,,,,,
56,Mika Zibanejad,Y,"C,RW",16,NYR,33,$8.5,379.2,4.5,44.4,3.5,91.9,35.9,, ,84,21.0,29,46,75,224,12,30,1,3,52,87,-1,23,5,596,562,52%,,,,,,,,,,
57,Jake Oettinger,,G,5,DAL,27,$8.3,242.0,4.4,43.2,3.5,24.6,-32.4,, ,,,,,,,,,,,,,,,,,,,,55,32,17,6,4,"1,395",146,0.906,2.65
58,Dylan Larkin,Y,C,20,DET,30,$8.7,371.1,4.6,42.6,3.4,93.3,35.3,, ,81,20.3,33,38,71,243,13,26,1,1,38,52,-2,40,5,880,747,54%,,,,,,,,,,
59,John Carlson,N,D,21,T.B,36,$8.5,285.8,3.5,42.0,3.4,85.1,26.1,,+,82,22.2,8,47,54,165,2,18,0,0,116,48,9,32,1,0,1,0%,,,,,,,,,,
60,Igor Shesterkin,,G,6,NYR,30,$11.5,240.5,4.4,41.8,3.3,39.6,-20.4,, ,,,,,,,,,,,,,,,,,,,,55,28,20,7,4,"1,475",149,0.908,2.70
61,Mikhail Sergachev,Y,D,22,UTA,28,$8.5,284.7,3.7,40.9,3.3,93.0,32.0,, ,78,24.1,11,42,53,145,4,23,0,1,129,53,0,41,2,0,0,0%,,,,,,,,,,
62,Dylan Holloway,Y,"C,LW",16,STL,24,$7.8,369.2,4.9,40.5,3.2,105.6,43.6,, ,75,18.7,29,40,70,207,7,16,0,0,50,152,2,26,4,41,43,49%,,,,,,,,,,
63,Miro Heiskanen,Y,D,23,DAL,27,$8.5,284.0,3.7,40.2,3.2,72.6,9.6,, ,78,25.2,9,45,54,153,2,20,1,1,133,38,7,30,2,0,0,0%,,,,,,,,,,
64,Juuse Saros,,G,7,NSH,31,$7.7,238.4,4.0,39.7,3.2,113.7,49.7,, ,,,,,,,,,,,,,,,,,,,,60,27,24,8,3,"1,623",177,0.902,2.95
65,Sam Reinhart,Y,RW,17,FLA,30,$8.6,373.1,4.6,38.3,3.1,43.1,-21.9,, ,80,20.2,38,39,77,204,14,28,3,4,52,81,5,23,6,118,171,41%,,,,,,,,,,
66,Sebastian Aho,Y,C,23,CAR,29,$9.8,366.7,4.4,38.1,3.1,81.4,15.4,, ,83,19.5,30,50,80,208,7,25,2,5,28,65,8,40,5,642,569,53%,,,,,,,,,,
67,Artemi Panarin,y,LW,19,L.A,34,$11.0,366.8,4.4,38.1,3.0,49.7,-17.3,,- -,83,21.2,31,54,85,246,7,27,0,0,19,19,2,25,5,1,1,44%,,,,,,,,,,
68,Ilya Sorokin,,G,8,NYI,31,$8.3,235.6,4.3,36.9,3.0,35.6,-32.4,, ,,,,,,,,,,,,,,,,,,,,55,25,23,8,3,"1,560",159,0.908,2.89
69,Adam Fantilli,Y,C,24,CBJ,21,$0.0,364.9,4.5,36.4,2.9,93.9,24.9,,+,81,19.6,32,38,70,231,6,17,0,0,51,123,0,33,5,507,601,46%,,,,,,,,,,
70,Erik Karlsson,N,D,24,PIT,36,$10.0,279.1,3.4,35.3,2.8,75.1,5.1,, ,83,23.9,9,44,53,181,2,20,0,0,92,38,1,32,1,0,0,0%,,,,,,,,,,
71,Shea Theodore,Y,D,25,VGK,31,$7.4,278.0,3.6,34.2,2.7,100.7,29.7,, ,76,24.6,9,51,60,154,3,22,0,0,101,16,7,30,2,0,0,0%,,,,,,,,,,
72,J.T. Miller,Y,"C,LW,RW",18,NYR,33,$8.0,369.0,4.6,34.2,2.7,112.2,40.2,, ,80,19.9,23,46,69,170,6,22,0,2,47,154,0,50,4,676,469,59%,,,,,,,,,,
73,Brandon Hagel,Y,"LW,RW",19,T.B,28,$6.5,368.3,4.5,33.5,2.7,37.2,-35.8,, ,82,20.0,34,47,81,229,3,12,1,3,49,55,12,56,6,25,39,39%,,,,,,,,,,
74,Thomas Harley,N,D,26,DAL,25,$10.9,277.1,3.4,33.3,2.7,115.0,41.0,,+,81,22.7,13,37,49,152,1,11,0,0,143,47,7,26,2,0,0,0%,,,,,,,,,,
75,Dougie Hamilton,N,D,27,N.J,33,$9.0,276.0,3.7,32.2,2.6,108.3,33.3,, ,74,22.6,9,30,40,198,4,15,0,0,94,87,1,48,1,0,0,0%,,,,,,,,,,
76,Clayton Keller,Y,"LW,RW",20,UTA,28,$7.2,365.8,4.4,30.9,2.5,45.1,-30.9,, ,83,19.1,29,57,86,229,6,30,0,0,33,15,3,35,5,15,24,38%,,,,,,,,,,
77,Filip Hronek,N,D,28,VAN,28,$7.3,274.5,3.4,30.7,2.5,138.5,61.5,, ,81,25.2,7,41,48,136,2,15,0,0,108,118,-8,39,1,0,0,28%,,,,,,,,,,
78,Jake Guentzel,Y,"LW,RW",21,T.B,31,$9.0,364.4,4.4,29.6,2.4,33.7,-44.3,, ,82,19.0,35,46,80,219,10,29,0,0,39,41,10,32,6,154,208,43%,,,,,,,,,,
79,Kirill Marchenko,Y,RW,22,CBJ,26,$3.9,363.7,4.4,28.9,2.3,60.4,-18.6,, ,82,19.2,31,43,74,234,7,25,0,0,43,63,4,29,5,10,16,40%,,,,,,,,,,
80,Jeremy Swayman,,G,9,BOS,27,$8.3,226.5,4.1,27.8,2.2,64.9,-15.1,, ,,,,,,,,,,,,,,,,,,,,55,27,21,7,3,"1,476",158,0.904,2.86
81,John Gibson,,G,10,DET,33,$6.4,226.3,4.1,27.6,2.2,138.3,57.3,, ,,,,,,,,,,,,,,,,,,,,55,27,21,7,3,"1,461",155,0.904,2.82
82,Mark Scheifele,Y,C,25,WPG,33,$8.5,356.1,4.3,27.6,2.2,35.2,-46.8,,-,83,21.5,33,55,88,180,8,21,0,0,51,49,2,42,6,636,690,48%,,,,,,,,,,
83,Bowen Byram,N,D,29,CHI,25,$6.3,271.3,3.3,27.5,2.2,112.0,29.0,,+,83,25.5,13,41,54,137,2,14,0,1,115,66,-8,50,2,0,0,0%,,,,,,,,,,
84,Juraj Slafkovsky,Y,"LW,RW",23,MTL,22,$7.6,362.1,4.3,27.2,2.2,52.7,-31.3,, ,84,18.7,27,42,70,180,12,24,0,0,73,131,4,48,5,18,33,35%,,,,,,,,,,
85,Karel Vejmelka,,G,11,UTA,30,$4.8,224.6,4.1,25.9,2.1,69.2,-15.8,, ,,,,,,,,,,,,,,,,,,,,55,29,20,7,3,"1,430",156,0.902,2.84
86,Andrei Svechnikov,Y,"LW,RW",24,CAR,26,$7.8,360.2,4.5,25.4,2.0,118.9,32.9,, ,80,17.5,28,39,67,205,10,25,0,0,22,151,6,63,5,7,12,39%,,,,,,,,,,
87,Dylan Cozens,Y,C,26,OTT,25,$7.1,353.7,4.2,25.2,2.0,135.9,48.9,, ,84,16.9,24,33,57,202,9,22,0,0,32,195,3,43,4,469,460,50%,,,,,,,,,,
88,Lucas Raymond,Y,RW,25,DET,24,$8.1,359.8,4.3,25.0,2.0,69.5,-18.5,,+,84,18.8,30,55,85,191,8,32,0,0,33,50,-2,26,5,2,2,55%,,,,,,,,,,
89,Brock Faber,N,D,30,MIN,24,$8.5,268.5,3.2,24.7,2.0,83.5,-5.5,, ,83,24.9,13,32,45,161,1,8,1,1,147,43,3,32,2,0,0,0%,,,,,,,,,,
90,Leo Carlsson,Y,C,27,ANA,21,$18.0,353.0,4.5,24.5,2.0,43.3,-46.7,,+ +,78,21.7,37,49,86,233,7,22,2,4,42,27,-2,29,5,485,688,41%,,,,,,,,,,
91,Tom Wilson,Y,RW,26,WSH,32,$6.5,358.7,4.4,23.9,1.9,126.1,35.1,, ,81,19.3,29,32,61,176,8,14,2,3,63,199,6,83,4,15,27,36%,,,,,,,,,,
92,Darnell Nurse,N,D,31,S.J,31,$9.3,267.2,3.2,23.4,1.9,130.1,38.1,, ,83,22.4,5,21,26,163,0,1,1,1,178,142,-2,64,1,0,0,0%,,,,,,,,,,
93,Spencer Knight,,G,12,CHI,25,$5.8,221.8,4.0,23.1,1.8,135.4,42.4,, ,,,,,,,,,,,,,,,,,,,,55,22,25,8,2,"1,614",172,0.904,3.12
94,Tomas Hertl,Y,"C,LW",25,VGK,32,$6.8,350.4,4.4,21.7,1.7,145.3,51.3,, ,80,17.2,28,33,60,194,14,26,0,0,47,104,3,26,5,689,515,57%,,,,,,,,,,
95,Roope Hintz,Y,C,29,DAL,29,$8.5,350.0,4.5,21.5,1.7,116.2,21.2,, ,78,18.2,28,42,70,192,9,26,0,1,37,76,8,30,5,555,432,56%,,,,,,,,,,
96,Jesper Bratt,Y,"LW,RW",27,N.J,28,$7.9,355.0,4.2,20.2,1.6,75.0,-21.0,, ,84,19.0,24,57,80,197,6,27,1,1,32,82,2,19,4,2,9,20%,,,,,,,,,,
97,Lukas Dostal,,G,13,ANA,26,$6.5,215.7,3.9,17.0,1.4,139.3,42.3,, ,,,,,,,,,,,,,,,,,,,,55,25,22,7,2,"1,507",168,0.900,3.06
98,Shayne Gostisbehere,N,D,32,CAR,33,$3.2,260.7,3.4,16.9,1.4,97.2,-0.8,, ,77,19.2,9,40,49,139,4,23,0,0,89,55,7,28,2,0,0,0%,,,,,,,,,,
99,Dustin Wolf,,G,14,CGY,25,$7.5,215.5,3.9,16.7,1.3,139.9,40.9,, ,,,,,,,,,,,,,,,,,,,,55,20,26,9,2,"1,565",164,0.905,2.99
100,Joel Eriksson Ek,Y,C,32,MIN,29,$5.3,343.2,4.5,14.7,1.2,141.8,41.8,,+,76,20.1,24,35,59,233,9,19,0,0,45,122,5,40,4,770,810,49%,,,,,,,,,,
101,Logan Cooley,Y,C,33,UTA,22,$10.0,343.2,4.4,14.6,1.2,118.2,17.2,,+ +,78,19.2,35,43,79,183,11,25,1,1,39,77,2,40,6,397,531,43%,,,,,,,,,,
102,Kiefer Sherwood,Y,"LW,RW",28,S.J,31,$5.8,349.4,4.4,14.6,1.2,138.4,36.4,, ,80,17.0,21,19,39,175,4,8,2,2,37,355,-1,44,3,21,30,41%,,,,,,,,,,
103,John Tavares,Y,C,34,TOR,35,$4.4,343.1,4.1,14.6,1.2,128.5,25.5,, ,83,17.7,29,36,65,201,8,14,0,0,33,82,2,35,4,803,576,58%,,,,,,,,,,
104,Jakub Dobes,,G,15,MTL,25,$1.0,211.8,4.2,13.1,1.0,81.1,-22.9,, ,,,,,,,,,,,,,,,,,,,,50,28,17,6,3,"1,304",140,0.903,2.81
105,Sergei Bobrovsky,,G,16,TOR,37,$7.0,211.5,4.1,12.8,1.0,90.6,-14.4,,+,,,,,,,,,,,,,,,,,,,,52,28,17,6,2,"1,353",151,0.900,2.90
106,Seth Jones,N,D,33,FLA,31,$7.0,256.3,3.4,12.5,1.0,122.8,16.8,, ,75,24.6,9,32,40,141,5,19,0,0,110,83,3,32,1,0,0,0%,,,,,,,,,,
107,Brandon Montour,N,D,34,SEA,32,$7.1,255.9,3.2,12.1,1.0,114.8,7.8,, ,79,22.5,11,23,34,200,2,8,0,0,99,85,-9,53,1,0,0,0%,,,,,,,,,,
108,Mitch Marner,Y,"C,LW,RW",29,VGK,29,$12.0,346.8,4.2,12.0,1.0,44.6,-63.4,, ,82,19.9,26,63,89,174,7,30,0,1,45,38,7,23,5,88,188,32%,,,,,,,,,,
109,Luke Hughes,Y,D,35,N.J,22,$9.0,255.3,3.2,11.5,0.9,135.2,26.2,,+ +,80,23.2,9,41,50,170,2,17,0,0,78,31,0,33,1,0,0,0%,,,,,,,,,,
110,Nikolaj Ehlers,Y,LW,30,CAR,30,$8.5,339.2,4.1,10.5,0.8,120.3,10.3,, ,82,17.2,28,46,73,220,8,26,0,0,31,36,9,24,5,9,20,31%,,,,,,,,,,
111,Timo Meier,Y,"LW,RW",30,N.J,29,$8.8,344.8,4.2,9.9,0.8,96.8,-14.2,, ,82,17.6,27,26,53,257,9,15,0,0,53,123,0,32,4,44,63,41%,,,,,,,,,,
112,Dmitry Orlov,N,D,36,S.J,35,$6.5,253.5,3.0,9.7,0.8,—,N/A,, ,83,22.6,6,38,44,118,1,19,0,0,90,120,-3,43,1,0,0,0%,,,,,,,,,,
113,Cole Hutson,Y,D,37,WSH,20,$0.9,253.4,3.4,9.6,0.8,90.0,-23.0,, ,74,19.1,11,36,47,113,2,24,0,0,76,89,3,38,2,0,0,0%,,,,,,,,,,
114,Matthew Knies,Y,"LW,RW",31,TOR,23,$7.8,344.4,4.2,9.5,0.8,119.0,5.0,, ,83,19.0,28,41,69,162,6,18,1,1,37,161,-1,42,4,0,5,7%,,,,,,,,,,
115,Steven Stamkos,N,"C,RW",32,NSH,36,$8.0,343.4,4.1,8.6,0.7,125.8,10.8,, ,84,17.8,35,27,63,210,14,25,0,0,40,83,-3,44,5,336,282,54%,,,,,,,,,,
116,Vince Dunn,Y,D,38,SEA,29,$7.4,252.1,3.2,8.3,0.7,125.4,9.4,, ,79,21.7,11,36,46,164,3,17,0,0,92,40,-7,50,1,0,0,0%,,,,,,,,,,
117,Scott Wedgewood,,G,17,COL,34,$2.5,206.9,4.6,8.2,0.7,52.4,-64.6,, ,,,,,,,,,,,,,,,,,,,,45,27,14,5,3,"1,182",120,0.908,2.66
118,Jacob Markstrom,,G,18,FLA,36,$6.0,206.8,4.0,8.0,0.6,72.5,-45.5,, ,,,,,,,,,,,,,,,,,,,,52,29,17,6,3,"1,274",145,0.898,2.78
119,Linus Ullmark,,G,19,OTT,33,$8.3,205.9,4.1,7.2,0.6,132.5,13.5,, ,,,,,,,,,,,,,,,,,,,,50,27,17,6,3,"1,222",131,0.903,2.63
120,Beckett Sennecke,Y,RW,33,ANA,20,$1.0,341.8,4.1,7.0,0.6,103.0,-17.0,,+,83,17.9,27,44,71,212,3,18,0,0,27,96,-3,55,4,3,2,60%,,,,,,,,,,
121,Alex Nikishin,N,D,39,CAR,24,$0.0,248.8,3.0,5.0,0.4,—,N/A,, ,83,19.2,10,24,35,130,3,9,1,1,104,125,8,37,2,0,0,0%,,,,,,,,,,
122,Will Cuylle,N,"LW,RW",34,NYR,24,$3.9,338.8,4.0,3.9,0.3,—,N/A,, ,84,16.7,21,23,45,165,4,7,1,1,62,288,0,56,3,27,47,37%,,,,,,,,,,
123,Zach Hyman,Y,"LW,RW",35,EDM,34,$5.5,337.6,4.3,2.7,0.2,99.0,-24.0,, ,78,19.9,37,25,62,230,12,20,0,0,28,70,10,40,6,1,3,27%,,,,,,,,,,
124,Bryan Rust,Y,RW,36,PIT,34,$5.1,337.1,4.3,2.3,0.2,123.6,-0.4,, ,79,20.0,30,37,67,207,7,22,1,1,70,51,0,28,4,5,11,30%,,,,,,,,,,
125,Alexis Lafrenière,Y,"LW,RW",37,NYR,24,$7.5,336.3,4.0,1.5,0.1,141.7,16.7,,+,84,18.6,29,39,68,199,11,21,0,0,38,93,1,29,5,13,33,27%,,,,,,,,,,
126,Morgan Geekie,Y,"C,LW,RW",38,BOS,28,$5.5,335.8,4.1,0.9,0.1,118.6,-7.4,, ,83,17.5,35,31,66,181,10,22,0,0,36,113,-1,28,5,128,152,46%,,,,,,,,,,
127,Jesper Wallstedt,,G,20,MIN,23,$2.2,198.7,4.4,0.0,0.0,58.3,-68.7,,+,,,,,,,,,,,,,,,,,,,,45,26,14,5,3,"1,167",120,0.907,2.67
127,Thomas Chabot,Y,D,40,OTT,29,$8.0,243.8,3.2,0.0,0.0,144.1,17.1,, ,76,22.0,9,30,39,141,2,8,0,1,134,57,3,30,2,0,0,0%,,,,,,,,,,
127,Pavel Dorofeyev,Y,"LW,RW",39,NYR,25,$11.0,334.8,4.2,0.0,0.0,70.6,-56.4,, ,81,17.6,37,27,64,233,18,28,0,0,32,34,2,29,6,1,3,13%,,,,,,,,,,
130,Jacob Trouba,N,D,41,S.J,32,$8.3,242.6,3.0,-1.2,-0.1,138.6,8.6,, ,82,22.5,3,19,23,136,0,0,0,1,170,145,-4,52,0,0,0,0%,,,,,,,,,,
131,Drake Batherson,Y,"LW,RW",40,OTT,28,$5.0,332.6,4.0,-2.3,-0.2,81.1,-49.9,, ,83,16.7,28,38,66,172,11,27,0,0,26,122,2,31,5,17,17,51%,,,,,,,,,,
132,Owen Power,Y,D,42,BUF,23,$8.4,239.9,2.9,-3.9,-0.3,132.5,0.5,,+,83,23.9,10,33,43,150,1,5,0,1,118,40,1,24,1,0,0,0%,,,,,,,,,,
133,Rickard Rakell,N,"C,LW,RW",41,PIT,33,$5.0,330.2,4.2,-4.7,-0.4,133.4,0.4,, ,79,19.1,29,32,61,209,8,18,1,2,61,97,1,20,4,75,135,36%,,,,,,,,,,
134,Alex Tuch,N,"LW,RW",42,WSH,30,$10.5,329.4,4.0,-5.4,-0.4,101.3,-32.7,, ,83,18.9,30,32,61,196,3,7,3,4,96,83,6,46,4,50,66,43%,,,,,,,,,,
135,Rasmus Andersson,N,D,43,VGK,29,$8.5,237.8,2.9,-6.0,-0.5,111.8,-23.2,, ,83,21.1,10,23,34,151,2,5,0,1,150,45,3,47,2,0,0,0%,,,,,,,,,,
136,Travis Konecny,Y,"LW,RW",43,PHI,29,$8.8,328.7,4.0,-6.1,-0.5,132.2,-3.8,, ,83,18.8,26,43,69,190,4,15,1,1,38,101,1,47,4,26,42,39%,,,,,,,,,,
137,Connor Bedard,Y,"C,RW",44,CHI,21,$15.0,328.5,5.0,-6.3,-0.5,62.5,-74.5,,+ +,66,20.9,29,48,76,216,9,27,0,0,28,35,-10,40,4,257,355,42%,,,,,,,,,,
138,K'Andre Miller,Y,D,44,CAR,26,$7.5,236.1,2.9,-7.7,-0.6,133.0,-5.0,, ,81,22.6,8,27,36,128,1,3,1,1,108,111,5,45,1,0,1,0%,,,,,,,,,,
139,Philip Broberg,N,D,45,STL,25,$8.0,236.0,2.9,-7.8,-0.6,133.4,-5.6,, ,81,24.7,10,33,43,125,4,13,0,0,115,49,1,24,1,0,0,0%,,,,,,,,,,
140,Justin Faulk,N,D,46,DET,34,$6.5,235.0,2.9,-8.9,-0.7,140.4,0.4,, ,81,21.8,8,27,35,137,1,7,0,1,130,77,-3,38,1,0,0,0%,,,,,,,,,,
141,Will Smith,Y,"LW,RW",45,S.J,21,$1.0,324.3,4.1,-10.6,-0.8,63.4,-77.6,,+ +,80,19.1,31,45,76,205,9,23,0,0,20,26,-2,25,4,28,58,32%,,,,,,,,,,
142,Noah Hanifin,N,D,47,VGK,29,$7.4,233.1,2.9,-10.7,-0.9,140.5,-1.5,, ,82,22.6,8,28,36,151,1,6,0,0,127,48,6,23,1,0,0,0%,,,,,,,,,,
143,Robert Thomas,Y,C,38,STL,27,$8.1,317.2,4.0,-11.3,-0.9,74.0,-69.0,, ,79,19.1,27,53,80,145,5,21,1,2,47,22,2,30,4,714,629,53%,,,,,,,,,,
144,Brayden Point,Y,C,39,T.B,30,$9.5,316.9,4.0,-11.7,-0.9,84.1,-59.9,,+,80,18.2,33,41,73,183,12,24,0,0,35,23,9,17,6,366,417,47%,,,,,,,,,,
145,Joel Hofer,,G,21,STL,26,$3.4,187.0,4.2,-11.8,-0.9,123.8,-21.2,, ,,,,,,,,,,,,,,,,,,,,45,22,17,6,2,"1,219",129,0.904,2.87
146,Elias Pettersson,Y,C,40,VAN,27,$11.6,315.0,3.9,-13.5,-1.1,141.2,-4.8,,-,80,20.3,21,41,62,161,7,23,1,2,109,81,-9,23,3,682,727,48%,,,,,,,,,,
147,Porter Martone,Y,RW,46,PHI,19,$1.0,320.6,4.1,-14.2,-1.1,69.1,-77.9,,- -,78,16.9,25,35,60,200,9,21,0,0,31,105,1,35,4,9,17,33%,,,,,,,,,,
148,Simon Edvinsson,N,D,48,DET,23,$0.0,229.5,2.9,-14.3,-1.1,134.0,-14.0,, ,81,22.6,10,23,33,105,0,1,0,1,157,94,0,60,2,0,0,0%,,,,,,,,,,
149,Pavel Mintyukov,N,D,49,ANA,22,$7.2,229.0,2.9,-14.8,-1.2,—,N/A,,+,79,22.2,10,26,36,116,0,7,0,1,135,75,-5,30,1,0,0,0%,,,,,,,,,,
150,Sean Walker,N,D,50,CAR,31,$3.6,229.0,2.7,-14.8,-1.2,—,N/A,, ,84,20.0,6,17,24,154,0,0,0,0,120,119,7,53,1,0,0,0%,,,,,,,,,,
151,Anton Forsberg,,G,22,L.A,33,$2.3,183.7,4.1,-15.0,-1.2,—,N/A,, ,,,,,,,,,,,,,,,,,,,,45,22,17,6,3,"1,177",126,0.904,2.79
152,Mattias Samuelsson,N,D,51,BUF,26,$4.3,228.5,3.0,-15.3,-1.2,127.9,-24.1,, ,76,22.9,9,22,31,103,0,0,1,2,144,122,2,31,1,0,0,0%,,,,,,,,,,
153,Jimmy Snuggerud,Y,RW,47,STL,22,$1.0,318.3,4.0,-16.6,-1.3,136.9,-16.1,, ,79,17.7,26,38,64,202,8,15,0,0,45,80,0,25,4,4,10,31%,,,,,,,,,,
154,Jake Allen,,G,23,N.J,36,$1.8,181.9,4.0,-16.8,-1.3,138.4,-15.6,, ,,,,,,,,,,,,,,,,,,,,45,23,17,6,3,"1,155",125,0.902,2.78
155,Owen Tippett,N,"LW,RW",48,PHI,27,$6.2,317.4,3.8,-17.4,-1.4,—,N/A,, ,83,16.1,25,24,49,218,2,6,1,1,54,147,1,21,4,11,20,36%,,,,,,,,,,
156,Vincent Trocheck,Y,C,41,UTA,33,$5.6,311.1,3.8,-17.5,-1.4,147.4,-8.6,, ,81,17.7,19,31,49,133,3,9,3,3,59,185,0,45,3,693,495,58%,,,,,,,,,,
157,Carter Hart,,G,24,VGK,28,$2.0,180.3,4.0,-18.4,-1.5,131.5,-25.5,, ,,,,,,,,,,,,,,,,,,,,45,26,14,5,3,"1,056",118,0.899,2.63
158,Dan Vladar,,G,25,PHI,29,$3.4,180.2,4.0,-18.5,-1.5,137.3,-20.7,, ,,,,,,,,,,,,,,,,,,,,45,23,16,5,3,"1,119",122,0.902,2.70
159,Josh Manson,N,D,52,COL,34,$4.0,224.8,2.9,-19.0,-1.5,—,N/A,, ,78,18.9,4,21,25,121,0,0,0,1,107,158,8,73,1,0,0,0%,,,,,,,,,,
160,Gavin McKenna,N,LW,42,TOR,18,$1.1,309.7,3.9,-19.0,-1.5,93.6,-66.4,,- -,80,17.0,23,42,65,171,7,20,0,0,35,95,0,32,3,0,0,40%,,,,,,,,,,
161,Mattias Ekholm,N,D,53,EDM,36,$4.0,224.6,2.8,-19.2,-1.5,130.1,-30.9,,-,81,20.7,7,27,34,136,1,3,0,0,121,70,9,37,1,0,0,0%,,,,,,,,,,
162,Dylan Strome,Y,C,42,WSH,29,$5.0,309.4,3.7,-19.2,-1.5,144.9,-17.1,, ,84,17.9,24,44,68,157,7,25,0,0,55,22,4,34,4,762,615,55%,,,,,,,,,,
163,Simon Nemec,N,D,54,CGY,22,$7.3,224.3,3.1,-19.5,-1.6,143.2,-19.8,,+,72,23.6,12,26,38,140,2,10,0,0,119,33,-9,40,2,0,0,0%,,,,,,,,,,
164,Quinton Byfield,N,C,43,L.A,24,$6.3,308.4,3.7,-20.1,-1.6,132.6,-31.4,, ,83,20.7,28,36,63,202,6,16,0,1,43,73,1,48,4,476,580,45%,,,,,,,,,,
165,Zeev Buium,N,D,55,VAN,20,$1.0,221.9,2.7,-21.9,-1.7,132.4,-32.6,, ,82,22.8,11,32,44,109,5,22,0,0,83,49,-13,41,1,0,0,0%,,,,,,,,,,
166,Victor Hedman,N,D,56,T.B,35,$8.0,221.5,3.0,-22.3,-1.8,89.2,-76.8,, ,75,19.0,8,33,41,119,1,10,0,0,101,49,7,29,1,0,0,0%,,,,,,,,,,
167,Ukko-Pekka Luukkonen,,G,26,BUF,27,$4.8,176.3,3.9,-22.4,-1.8,109.7,-57.3,, ,,,,,,,,,,,,,,,,,,,,45,24,16,5,2,"1,140",129,0.898,2.87
168,Ryan O'Reilly,Y,C,44,NSH,35,$4.5,305.9,3.7,-22.7,-1.8,144.4,-23.6,, ,83,20.4,23,42,65,167,7,19,1,2,69,24,-1,26,3,792,646,55%,,,,,,,,,,
169,Kris Letang,N,D,57,PIT,39,$6.1,221.2,2.7,-22.7,-1.8,128.3,-40.7,,-,82,21.9,5,26,31,124,1,6,0,0,109,105,-2,46,1,0,0,0%,,,,,,,,,,
170,Neal Pionk,N,D,58,WPG,31,$7.0,218.6,2.8,-25.2,-2.0,—,N/A,, ,77,20.7,5,21,26,121,2,7,0,0,107,127,1,42,1,0,0,0%,,,,,,,,,,
171,Joey Daccord,,G,27,SEA,30,$5.0,171.3,3.8,-27.4,-2.2,149.1,-21.9,, ,,,,,,,,,,,,,,,,,,,,45,18,21,7,2,"1,249",136,0.901,3.03
172,Colton Parayko,N,D,59,STL,33,$6.5,216.3,2.7,-27.5,-2.2,129.0,-43.0,, ,81,22.1,7,16,23,114,0,0,0,1,171,97,-2,23,1,0,0,0%,,,,,,,,,,
173,Gustav Forsling,N,D,60,FLA,30,$5.8,215.6,2.6,-28.3,-2.3,—,N/A,, ,83,23.4,6,25,32,144,0,1,0,0,108,69,5,36,1,0,0,0%,,,,,,,,,,
174,Ivan Demidov,Y,RW,49,MTL,20,$0.9,306.0,3.7,-28.9,-2.3,84.8,-89.2,,+,83,17.3,25,50,74,154,9,25,0,0,31,42,3,36,4,0,0,0%,,,,,,,,,,
175,Jordan Kyrou,N,RW,50,WSH,28,$8.1,305.8,3.7,-29.1,-2.3,144.5,-30.5,,+ +,82,16.0,28,34,62,214,6,18,0,0,33,31,8,19,4,4,11,24%,,,,,,,,,,
176,Zach Benson,Y,LW,45,BUF,21,$7.5,299.3,3.8,-29.5,-2.4,147.7,-28.3,,+ + +,79,18.8,22,43,66,186,6,16,1,2,35,53,5,50,3,7,15,33%,,,,,,,,,,
177,Travis Sanheim,Y,D,61,PHI,30,$6.3,213.7,2.6,-30.1,-2.4,139.9,-37.1,, ,84,23.4,8,24,32,109,0,1,1,3,153,60,1,35,1,0,0,0%,,,,,,,,,,
178,Nazem Kadri,Y,"C,LW",46,COL,35,$5.6,297.9,3.6,-30.9,-2.5,145.9,-32.1,, ,83,17.4,22,33,55,225,8,23,0,0,30,53,6,38,4,500,560,47%,,,,,,,,,,
179,Nick Schmaltz,Y,"C,RW",51,UTA,30,$8.0,303.7,3.6,-31.2,-2.5,102.0,-77.0,,+,84,18.9,27,41,67,194,9,20,2,2,50,26,3,23,4,368,435,46%,,,,,,,,,,
180,Alex Ovechkin,N,"LW,RW",52,WSH,40,$4.3,303.5,3.7,-31.3,-2.5,94.0,-86.0,, ,81,14.9,28,24,53,201,6,14,0,0,18,117,4,21,4,1,2,22%,,,,,,,,,,
181,Kevin Fiala,N,LW,47,L.A,30,$7.9,297.3,3.8,-31.4,-2.5,146.1,-34.9,,+,79,17.8,27,30,57,206,8,20,0,0,30,58,0,41,4,11,23,32%,,,,,,,,,,
182,Mark Stone,Y,RW,53,VGK,34,$9.5,303.2,4.5,-31.6,-2.5,106.1,-75.9,, ,68,19.5,24,47,71,147,8,27,1,2,49,39,6,19,5,3,11,24%,,,,,,,,,,
183,Artyom Levshunov,N,D,62,CHI,20,$1.0,211.8,2.7,-32.0,-2.6,—,N/A,, ,78,20.8,5,26,31,115,1,9,0,0,100,107,-11,47,1,0,0,0%,,,,,,,,,,
184,Thatcher Demko,,G,28,VAN,30,$8.5,165.5,3.7,-33.2,-2.7,151.0,-33.0,, ,,,,,,,,,,,,,,,,,,,,45,16,22,7,1,"1,286",143,0.900,3.19
185,Brady Skjei,N,D,63,NSH,32,$7.0,210.4,2.5,-33.4,-2.7,—,N/A,, ,84,23.0,6,26,32,131,1,8,1,2,102,72,-4,44,1,0,0,0%,,,,,,,,,,
186,Luca Cagnoni,N,D,64,S.J,21,$0.9,210.4,2.7,-33.5,-2.7,—,N/A,,+ +,78,18.0,6,25,31,124,1,5,0,0,93,96,1,32,1,0,0,0%,,,,,,,,,,
187,Sam Bennett,N,C,49,FLA,30,$8.0,294.9,3.6,-33.6,-2.7,135.2,-51.8,, ,81,16.8,24,28,51,197,4,9,0,0,38,127,4,64,4,484,552,47%,,,,,,,,,,
188,Jake DeBrusk,Y,"LW,RW",54,VAN,29,$5.5,300.6,3.6,-34.3,-2.7,140.0,-48.0,, ,84,17.9,26,23,49,218,15,23,0,1,44,83,-11,21,3,13,21,38%,,,,,,,,,,
189,Brock Nelson,N,C,51,COL,34,$7.5,294.1,3.5,-34.5,-2.8,136.3,-52.7,, ,84,18.8,27,30,57,193,6,13,1,2,58,42,10,31,5,661,666,50%,,,,,,,,,,
190,Anton Frondell,Y,C,52,CHI,19,$1.0,293.4,3.8,-35.2,-2.8,140.4,-49.6,,-,78,18.4,24,39,62,214,5,19,0,0,61,66,-6,33,3,218,503,30%,,,,,,,,,,
191,Arturs Silovs,,G,29,PIT,25,$2.8,163.3,3.6,-35.4,-2.8,129.6,-61.4,, ,,,,,,,,,,,,,,,,,,,,45,22,17,6,2,"1,122",134,0.893,2.99
192,Nikita Zadorov,N,D,65,BOS,31,$5.0,207.9,2.5,-35.9,-2.9,—,N/A,, ,83,20.5,3,18,21,96,0,0,0,0,110,182,-2,104,0,0,0,0%,,,,,,,,,,
193,Brayden McNabb,N,D,66,VGK,35,$3.7,207.8,2.6,-36.0,-2.9,—,N/A,, ,81,20.3,4,14,19,95,0,0,0,1,167,125,5,35,1,0,0,0%,,,,,,,,,,
194,Martin Fehervary,N,D,67,WSH,26,$6.0,207.6,2.5,-36.2,-2.9,133.9,-60.1,, ,82,19.3,5,20,25,79,0,1,0,1,154,121,3,30,1,0,0,0%,,,,,,,,,,
195,Yaroslav Askarov,,G,30,S.J,24,$2.0,162.4,3.6,-36.3,-2.9,131.4,-63.6,, ,,,,,,,,,,,,,,,,,,,,45,21,18,6,2,"1,167",140,0.893,3.10
196,Ryan Hartman,N,"C,RW",55,MIN,31,$4.0,298.4,3.7,-36.4,-2.9,—,N/A,, ,80,17.6,25,25,50,202,10,17,0,0,79,76,3,56,4,519,599,46%,,,,,,,,,,
197,Ivan Provorov,N,D,68,CBJ,29,$8.5,207.3,2.5,-36.5,-2.9,144.2,-52.8,, ,84,24.4,6,24,31,130,0,3,0,1,141,38,2,33,1,0,0,0%,,,,,,,,,,
198,Jamie Drysdale,N,D,69,PHI,24,$6.5,206.5,2.7,-37.3,-3.0,—,N/A,,+ +,77,22.0,10,27,37,112,3,13,0,0,101,30,0,27,2,0,0,0%,,,,,,,,,,
199,Pyotr Kochetkov,,G,31,CAR,27,$2.0,160.7,4.0,-38.0,-3.0,131.7,-67.3,, ,,,,,,,,,,,,,,,,,,,,40,24,12,4,3,946,107,0.898,2.69
200,Matt Roy,N,D,70,WSH,31,$5.8,205.4,2.5,-38.4,-3.1,—,N/A,, ,82,20.4,3,20,23,99,0,0,0,0,146,117,4,26,1,0,0,0%,,,,,,,,,,
201,Alex Laferriere,N,"C,LW,RW",56,L.A,24,$4.1,295.8,3.6,-39.0,-3.1,148.1,-52.9,, ,83,16.6,20,23,43,191,2,5,2,2,45,190,1,28,3,147,195,43%,,,,,,,,,,
202,Mason McTavish,Y,C,54,STL,23,$7.0,289.0,3.6,-39.5,-3.2,135.3,-66.7,, ,80,17.0,23,32,55,177,6,14,0,0,37,99,-3,52,3,480,477,50%,,,,,,,,,,
203,William Eklund,Y,"LW,RW",57,OTT,23,$5.6,295.0,3.6,-39.8,-3.2,142.1,-60.9,,+,82,18.0,19,42,62,176,6,20,0,0,49,67,1,29,3,20,41,33%,,,,,,,,,,
204,Cam York,N,D,71,PHI,25,$5.2,203.8,2.5,-40.0,-3.2,—,N/A,, ,80,22.2,7,23,29,104,1,7,0,0,150,50,0,37,1,0,0,0%,,,,,,,,,,
205,Mathew Barzal,Y,"C,RW",58,NYI,29,$9.2,294.6,3.9,-40.2,-3.2,144.1,-60.9,, ,77,20.6,20,49,68,187,3,19,0,0,48,36,0,34,3,171,245,41%,,,,,,,,,,
206,Jared McCann,Y,"C,LW",54,SEA,30,$5.0,288.2,3.7,-40.5,-3.2,—,N/A,, ,79,16.4,26,33,59,182,8,19,0,0,38,58,-5,23,4,60,65,48%,,,,,,,,,,
207,Jake McCabe,N,D,72,TOR,32,$4.5,203.2,2.5,-40.6,-3.2,—,N/A,, ,81,22.2,3,21,24,72,0,0,0,0,173,116,1,54,0,0,0,0%,,,,,,,,,,
208,Evgeni Malkin,Y,"C,LW,RW",59,PIT,40,$5.5,292.5,3.8,-42.4,-3.4,141.7,-66.3,, ,77,17.7,21,44,65,183,6,24,0,0,34,41,1,55,3,222,258,46%,,,,,,,,,,
209,Seth Jarvis,Y,"LW,RW",60,CAR,24,$7.4,292.4,4.9,-42.5,-3.4,125.6,-83.4,,+,60,19.4,28,31,58,180,6,17,2,4,30,72,5,18,5,43,66,40%,,,,,,,,,,
210,Mike Matheson,N,D,73,MTL,32,$6.0,201.3,2.4,-42.5,-3.4,135.4,-74.6,, ,83,22.4,4,23,27,110,0,1,0,1,154,65,0,41,1,0,0,0%,,,,,,,,,,
211,Morgan Rielly,N,D,74,TOR,32,$7.5,201.3,2.4,-42.5,-3.4,130.3,-80.7,, ,82,18.9,7,26,33,121,1,5,0,0,114,43,0,25,1,0,0,0%,,,,,,,,,,
212,Devon Toews,N,D,75,COL,32,$7.3,201.1,2.5,-42.7,-3.4,130.9,-81.1,, ,81,22.1,6,28,33,125,1,2,0,0,105,47,10,30,1,0,0,0%,,,,,,,,,,
213,Brandon Bussi,,G,32,CAR,28,$1.9,155.8,3.9,-42.9,-3.4,73.9,-139.1,, ,,,,,,,,,,,,,,,,,,,,40,24,12,4,3,927,108,0.896,2.70
214,Blake Coleman,N,"C,LW",57,MIN,34,$4.9,284.4,3.5,-44.3,-3.5,—,N/A,, ,81,17.2,19,20,38,195,2,4,2,3,56,162,4,48,3,22,29,43%,,,,,,,,,,
215,Braden Schneider,N,D,76,NYR,24,$5.5,199.0,2.4,-44.8,-3.6,—,N/A,, ,84,17.9,4,16,20,95,0,0,1,1,130,138,-2,24,1,0,0,0%,,,,,,,,,,
216,Sam Dickinson,N,D,77,S.J,20,$1.0,198.9,2.5,-44.9,-3.6,—,N/A,,+ +,80,19.9,5,26,30,111,2,9,0,0,91,84,-3,32,1,0,0,0%,,,,,,,,,,
217,JJ Peterka,Y,"LW,RW",61,BOS,24,$7.7,289.4,3.5,-45.5,-3.6,139.4,-77.6,,+,83,17.7,30,34,64,194,6,14,0,0,24,31,0,28,4,6,18,24%,,,,,,,,,,
218,Jake Walman,N,D,78,EDM,30,$7.0,197.4,2.6,-46.5,-3.7,127.6,-90.4,, ,75,18.7,8,19,27,129,0,2,0,1,125,45,3,31,1,0,0,0%,,,,,,,,,,
219,Brock Boeser,Y,"LW,RW",62,VAN,29,$7.3,288.2,3.5,-46.6,-3.7,140.2,-78.8,, ,82,19.3,28,30,57,183,9,21,1,1,34,67,-12,18,3,48,71,41%,,,,,,,,,,
220,Aaron Ekblad,N,D,79,FLA,30,$6.1,196.9,2.6,-47.0,-3.8,127.6,-92.4,, ,76,22.4,3,24,28,103,0,4,0,1,109,94,3,58,1,0,1,0%,,,,,,,,,,
221,Brad Marchand,Y,"LW,RW",63,FLA,38,$5.3,287.6,3.7,-47.3,-3.8,147.1,-73.9,, ,77,16.8,26,30,56,182,6,19,0,1,29,68,2,51,4,6,13,32%,,,,,,,,,,
222,Michael Misa,Y,C,58,S.J,19,$1.0,280.9,3.6,-47.7,-3.8,138.7,-83.3,,+ +,77,16.7,27,37,64,151,10,24,0,0,43,44,-2,28,4,361,428,46%,,,,,,,,,,
223,Denton Mateychuk,N,D,80,CBJ,22,$0.9,195.5,2.6,-48.3,-3.9,—,N/A,,+,76,20.7,13,22,34,100,1,2,0,0,108,44,2,23,2,0,0,0%,,,,,,,,,,
224,Sam Malinski,N,D,81,COL,28,$4.8,195.0,2.5,-48.8,-3.9,140.2,-83.8,, ,77,17.6,6,21,27,138,0,1,0,0,98,53,10,23,1,0,0,0%,,,,,,,,,,
225,Bobby McMann,N,"LW,RW",64,SEA,30,$5.8,285.6,3.6,-49.2,-3.9,132.2,-92.8,, ,80,16.1,26,18,44,190,3,6,0,0,30,157,-6,36,4,7,10,39%,,,,,,,,,,
226,Anton Lundell,N,C,59,FLA,24,$5.0,279.3,3.5,-49.3,-3.9,—,N/A,, ,80,17.5,20,30,50,166,3,11,1,2,44,96,4,35,3,642,570,53%,,,,,,,,,,
227,Ryan Leonard,N,RW,65,WSH,21,$1.0,285.6,3.8,-49.3,-3.9,131.1,-95.9,,+,76,15.5,22,28,50,167,5,16,0,0,29,124,4,44,3,7,5,59%,,,,,,,,,,
228,MacKenzie Blackwood,,G,33,COL,29,$5.3,149.1,4.3,-49.7,-4.0,92.5,-135.5,, ,,,,,,,,,,,,,,,,,,,,35,21,11,4,2,868,94,0.902,2.68
229,Alex Romanov,N,D,82,NYI,26,$6.3,191.8,2.5,-52.0,-4.2,—,N/A,, ,76,18.9,4,15,19,96,0,0,0,0,139,119,-5,23,1,0,0,0%,,,,,,,,,,
230,Pavel Zacha,Y,"C,LW",58,BOS,29,$4.8,275.9,3.3,-52.8,-4.2,145.0,-85.0,, ,83,16.9,24,35,59,141,8,18,0,0,28,70,-1,25,3,528,456,54%,,,,,,,,,,
231,Adam Larsson,N,D,83,SEA,33,$5.3,190.9,2.3,-52.9,-4.2,—,N/A,, ,84,20.7,4,16,20,96,0,0,0,0,154,105,-9,40,0,0,0,0%,,,,,,,,,,
232,Dylan Samberg,N,D,84,WPG,27,$5.8,190.7,2.5,-53.1,-4.2,—,N/A,, ,78,22.0,4,19,23,109,0,0,0,0,142,71,2,28,1,0,0,0%,,,,,,,,,,
233,Esa Lindell,N,D,85,DAL,32,$5.3,190.4,2.3,-53.4,-4.3,139.6,-93.4,, ,84,22.5,4,23,26,84,0,1,0,1,171,50,8,21,1,0,0,0%,,,,,,,,,,
234,Gabriel Vilardi,Y,"C,RW",66,WPG,27,$7.5,281.3,3.6,-53.5,-4.3,146.0,-88.0,,-,79,18.8,29,35,64,152,12,23,0,0,40,24,2,24,5,49,59,45%,,,,,,,,,,
235,Jeremy Lauzon,N,D,86,VGK,29,$4.0,189.6,2.6,-54.3,-4.3,—,N/A,, ,74,16.9,2,9,11,71,0,0,0,0,97,224,2,72,0,0,0,0%,,,,,,,,,,
236,Vladislav Gavrikov,N,D,87,NYR,30,$7.0,188.8,2.3,-55.0,-4.4,140.5,-95.5,, ,84,22.8,7,22,28,112,0,1,0,1,119,53,0,38,1,0,0,0%,,,,,,,,,,
237,Olen Zellweger,N,D,88,BUF,22,$3.1,188.5,2.4,-55.3,-4.4,—,N/A,, ,78,19.3,8,17,25,135,1,2,0,0,102,50,2,34,1,0,0,0%,,,,,,,,,,
238,Jordan Spence,N,D,89,OTT,25,$5.0,188.2,2.3,-55.7,-4.5,—,N/A,, ,81,18.1,6,25,31,111,0,3,0,0,78,71,6,24,1,0,0,0%,,,,,,,,,,
239,Sean Durzi,N,D,90,NYR,27,$6.0,187.8,2.6,-56.0,-4.5,—,N/A,, ,72,20.3,7,23,30,102,1,5,0,0,112,55,-1,40,1,0,0,0%,,,,,,,,,,
240,Radko Gudas,N,D,91,FLA,36,$1.5,187.7,2.4,-56.1,-4.5,—,N/A,, ,78,16.1,2,11,14,74,0,0,0,0,119,181,3,62,0,0,0,0%,,,,,,,,,,
241,Marco Rossi,Y,C,61,VAN,24,$5.0,272.4,3.5,-56.2,-4.5,—,N/A,, ,78,19.1,24,37,61,142,7,21,0,0,45,68,-9,29,3,448,507,47%,,,,,,,,,,
242,Filip Gustavsson,,G,34,MIN,28,$6.8,142.4,4.1,-56.3,-4.5,127.5,-114.5,,-,,,,,,,,,,,,,,,,,,,,35,18,13,4,2,899,97,0.902,2.78
243,Ben Chiarot,N,D,92,DET,35,$3.9,185.5,2.2,-58.3,-4.7,—,N/A,, ,83,20.2,2,10,12,88,0,0,0,0,150,143,-5,58,0,0,0,0%,,,,,,,,,,
244,Shane Pinto,N,C,63,OTT,25,$7.5,270.1,3.5,-58.4,-4.7,—,N/A,, ,77,18.5,23,25,48,166,4,6,2,4,55,92,3,36,4,432,415,51%,,,,,,,,,,
245,Alex Lyon,,G,35,BUF,33,$1.5,140.1,4.0,-58.6,-4.7,153.3,-91.7,, ,,,,,,,,,,,,,,,,,,,,35,18,13,4,2,906,101,0.900,2.89
246,Darcy Kuemper,,G,36,L.A,36,$5.3,140.0,4.0,-58.7,-4.7,147.7,-98.3,, ,,,,,,,,,,,,,,,,,,,,35,17,14,5,2,911,99,0.902,2.82
247,Oliver Ekman-Larsson,N,D,93,TOR,35,$3.5,184.9,2.2,-58.9,-4.7,127.7,-119.3,, ,82,18.5,5,23,28,102,1,5,0,0,80,86,1,52,1,0,0,0%,,,,,,,,,,
248,Jaccob Slavin,N,D,94,CAR,32,$6.9,184.6,2.3,-59.2,-4.7,—,N/A,, ,80,21.4,5,22,26,119,0,0,0,3,125,38,7,15,1,0,0,0%,,,,,,,,,,
249,William Borgen,N,D,95,BOS,29,$4.1,184.3,2.2,-59.5,-4.8,—,N/A,, ,83,19.1,5,15,20,87,0,0,0,0,121,123,-3,45,1,0,0,0%,,,,,,,,,,
250,Brent Burns,N,D,96,COL,41,$0.9,183.9,2.2,-59.9,-4.8,135.9,-114.1,, ,84,18.4,5,18,23,147,0,2,0,0,96,37,9,28,1,0,0,0%,,,,,,,,,,
251,Carter Verhaeghe,N,LW,63,FLA,31,$7.0,268.6,3.3,-60.1,-4.8,152.7,-98.3,, ,82,16.0,22,29,51,191,4,10,0,0,25,75,5,32,4,36,60,37%,,,,,,,,,,
252,Ryan Nugent-Hopkins,Y,"C,LW",64,EDM,33,$5.1,268.5,3.3,-60.2,-4.8,138.8,-113.2,, ,82,18.3,20,37,57,155,9,28,0,1,38,36,6,28,3,207,225,48%,,,,,,,,,,
253,Janis Moser,N,D,97,T.B,26,$6.8,183.4,2.3,-60.4,-4.8,—,N/A,, ,79,21.4,6,21,27,102,0,0,0,2,104,68,9,42,1,0,0,0%,,,,,,,,,,
254,Mikey Anderson,N,D,98,L.A,27,$4.1,183.4,2.2,-60.4,-4.8,—,N/A,, ,82,20.6,4,18,22,75,0,0,0,0,132,110,0,26,1,0,0,0%,,,,,,,,,,
255,Tyler Kleven,N,D,99,OTT,24,$1.6,183.3,2.3,-60.5,-4.8,—,N/A,, ,80,17.3,4,14,18,95,0,0,0,2,110,125,1,41,1,0,0,0%,,,,,,,,,,
256,Joseph Woll,,G,37,PHI,28,$3.7,138.0,3.9,-60.7,-4.9,132.0,-124.0,, ,,,,,,,,,,,,,,,,,,,,35,18,13,4,2,867,95,0.901,2.73
257,Tyler Bertuzzi,N,"LW,RW",67,CHI,31,$5.5,273.9,3.3,-61.0,-4.9,136.4,-120.6,, ,83,17.7,28,27,54,169,10,20,0,0,29,63,-7,33,3,39,54,42%,,,,,,,,,,
258,Josh Doan,Y,RW,68,BUF,24,$7.0,273.2,3.6,-61.7,-4.9,134.7,-123.3,,+,77,16.6,24,28,52,170,8,16,0,0,31,78,3,24,4,9,23,29%,,,,,,,,,,
259,Jackson Blake,Y,RW,69,CAR,23,$5.1,272.6,3.3,-62.2,-5.0,141.7,-117.3,,+ +,83,16.5,25,33,58,184,5,12,0,0,36,26,9,38,4,3,11,20%,,,,,,,,,,
260,Frederik Andersen,,G,38,EDM,36,$1.0,136.1,3.9,-62.6,-5.0,133.3,-126.7,, ,,,,,,,,,,,,,,,,,,,,35,21,11,4,2,827,98,0.894,2.79
261,Rasmus Sandin,N,D,100,WSH,26,$4.6,181.2,2.2,-62.7,-5.0,—,N/A,, ,81,17.5,4,21,25,83,0,2,0,0,119,89,3,21,1,0,0,0%,,,,,,,,,,
262,Charle-Edouard D'Astous,N,D,101,T.B,28,$0.9,181.1,2.3,-62.7,-5.0,—,N/A,, ,79,17.4,6,22,28,85,0,3,0,0,84,97,7,66,1,0,0,0%,,,,,,,,,,
263,Matvei Michkov,Y,"LW,RW",70,PHI,21,$1.0,272.1,3.3,-62.7,-5.0,139.9,-123.1,, ,83,15.8,23,35,59,181,6,15,0,0,23,40,2,52,4,5,13,27%,,,,,,,,,,
264,Tristan Jarry,,G,39,EDM,31,$5.4,135.7,3.9,-63.0,-5.0,—,N/A,, ,,,,,,,,,,,,,,,,,,,,35,20,11,4,2,842,100,0.894,2.84
265,Nick Seeler,N,D,102,PHI,33,$2.7,180.2,2.2,-63.6,-5.1,—,N/A,, ,82,17.6,1,11,12,81,0,0,0,1,160,124,0,41,0,0,0,0%,,,,,,,,,,
266,Valeri Nichushkin,Y,"LW,RW",71,CBJ,31,$6.1,270.9,3.7,-63.9,-5.1,142.9,-123.1,, ,74,18.6,24,30,54,178,5,10,0,1,30,68,3,22,4,2,3,45%,,,,,,,,,,
267,Jamie Oleksiak,N,D,103,VAN,33,$5.0,179.6,2.2,-64.2,-5.1,—,N/A,, ,83,20.9,2,13,16,83,0,0,0,0,152,118,-9,40,0,0,0,0%,,,,,,,,,,
268,Kevin Bahl,N,D,104,CGY,26,$5.4,179.6,2.2,-64.3,-5.1,—,N/A,, ,82,22.2,4,18,22,78,0,1,0,1,121,119,-9,52,1,0,0,0%,,,,,,,,,,
269,Logan Stankoven,N,"C,RW",72,CAR,23,$6.0,270.2,3.3,-64.7,-5.2,141.6,-127.4,,+,82,16.5,23,30,53,193,5,13,0,0,29,58,8,23,4,388,447,46%,,,,,,,,,,
270,Adin Hill,,G,40,VGK,30,$6.3,133.9,3.8,-64.8,-5.2,127.0,-143.0,, ,,,,,,,,,,,,,,,,,,,,35,20,11,4,2,807,94,0.896,2.68
271,Damon Severson,N,D,105,CBJ,32,$6.3,178.5,2.3,-65.3,-5.2,—,N/A,, ,79,19.5,7,22,29,97,0,3,0,0,99,51,3,49,1,0,0,0%,,,,,,,,,,
272,Kaiden Guhle,N,D,106,MTL,24,$5.5,178.4,2.5,-65.4,-5.2,—,N/A,, ,71,18.5,5,15,21,78,0,0,0,0,118,113,1,48,1,0,0,0%,,,,,,,,,,
273,Cole Perfetti,N,"LW,RW",73,WPG,24,$6.0,268.8,3.3,-66.0,-5.3,—,N/A,, ,80,16.7,20,31,51,174,6,16,0,0,41,69,2,24,3,14,25,36%,,,,,,,,,,
274,Alex Nedeljkovic,,G,41,S.J,30,$3.0,132.6,3.8,-66.1,-5.3,—,N/A,, ,,,,,,,,,,,,,,,,,,,,35,17,14,5,1,942,109,0.896,3.11
275,Nico Daws,,G,42,N.J,25,$1.1,132.0,3.8,-66.7,-5.3,—,N/A,, ,,,,,,,,,,,,,,,,,,,,35,17,13,4,2,866,99,0.897,2.83
276,Matty Beniers,Y,C,66,SEA,23,$7.1,261.7,3.1,-66.8,-5.3,—,N/A,, ,84,20.2,23,31,54,162,6,12,0,0,73,41,-7,25,3,569,625,48%,,,,,,,,,,
277,Lawson Crouse,N,"LW,RW",74,UTA,29,$4.3,267.9,3.2,-66.9,-5.4,125.6,-151.4,, ,84,16.5,19,17,36,146,2,2,1,2,56,201,2,38,3,30,50,37%,,,,,,,,,,
278,Mario Ferraro,N,D,107,WPG,27,$4.0,176.2,2.1,-67.6,-5.4,—,N/A,, ,83,18.1,4,13,17,79,0,0,0,0,127,118,0,36,1,0,0,0%,,,,,,,,,,
279,Marcus Pettersson,N,D,108,NYR,30,$5.5,176.1,2.1,-67.7,-5.4,—,N/A,, ,83,20.8,4,20,24,72,0,0,0,0,140,82,0,49,1,0,0,0%,,,,,,,,,,
280,Sergei Murashov,,G,43,PIT,22,$0.9,130.7,3.7,-68.0,-5.4,134.2,-145.8,, ,,,,,,,,,,,,,,,,,,,,35,17,13,4,1,893,105,0.895,2.99
281,Ivan Barbashev,Y,LW,69,VGK,30,$5.0,260.6,3.2,-68.1,-5.4,146.6,-134.4,, ,82,15.7,22,31,53,129,2,4,0,0,37,126,7,22,4,18,37,33%,,,,,,,,,,
282,Luke Evangelista,Y,"LW,RW",75,NSH,24,$3.0,266.4,3.3,-68.5,-5.5,—,N/A,, ,82,17.4,17,41,58,193,3,16,0,0,24,33,0,26,2,0,2,6%,,,,,,,,,,
283,Trevor Zegras,Y,"C,LW,RW",76,PHI,25,$9.1,266.1,3.5,-68.7,-5.5,136.2,-146.8,,+,75,18.6,24,37,61,163,7,17,0,0,30,49,2,42,4,122,224,35%,,,,,,,,,,
284,Zach Whitecloud,N,D,109,CGY,29,$2.8,174.7,2.2,-69.1,-5.5,—,N/A,, ,80,20.9,2,15,17,69,0,0,0,0,144,124,-9,37,0,0,0,0%,,,,,,,,,,
285,Matt Coronato,N,RW,77,CGY,23,$6.5,265.7,3.2,-69.2,-5.5,—,N/A,, ,82,17.6,23,29,52,207,6,17,0,0,30,34,-10,31,3,72,108,40%,,,,,,,,,,
286,Ty Emberson,N,D,110,EDM,26,$1.3,174.0,2.2,-69.8,-5.6,—,N/A,, ,80,17.3,3,15,18,68,0,0,0,0,119,130,5,26,1,0,0,0%,,,,,,,,,,
287,Ivar Stenberg,N,LW,70,S.J,18,$1.1,258.7,3.2,-70.0,-5.6,136.7,-150.3,,+,80,15.0,19,32,51,148,5,13,0,0,34,95,0,32,3,0,0,40%,,,,,,,,,,
288,Jacob Middleton,N,D,111,CGY,30,$4.4,173.6,2.2,-70.2,-5.6,—,N/A,, ,81,19.3,4,15,19,77,0,0,0,0,144,98,-8,60,1,0,0,0%,,,,,,,,,,
289,Drew Doughty,N,D,112,L.A,36,$11.0,173.6,2.3,-70.2,-5.6,—,N/A,, ,75,22.9,5,21,27,99,1,5,0,0,92,58,1,40,1,0,0,0%,,,,,,,,,,
290,Ryan Pulock,N,D,113,NYI,31,$6.2,173.5,2.2,-70.4,-5.6,—,N/A,, ,79,20.7,2,18,20,83,0,0,0,1,153,72,-3,21,0,0,0,0%,,,,,,,,,,
291,Erik Cernak,N,D,114,T.B,29,$5.2,173.2,2.2,-70.6,-5.6,—,N/A,, ,78,18.3,2,14,16,63,0,0,0,1,119,141,6,55,0,0,0,0%,,,,,,,,,,
292,Ross Colton,N,"C,LW",71,NSH,29,$4.0,258.0,3.3,-70.7,-5.7,—,N/A,, ,79,14.8,15,20,34,174,1,3,0,0,40,179,-2,29,2,122,141,46%,,,,,,,,,,
293,Michael Kesselring,N,D,115,S.J,26,$4.5,172.7,2.3,-71.1,-5.7,—,N/A,, ,74,18.5,5,16,21,115,0,0,0,0,95,79,-1,68,1,0,0,0%,,,,,,,,,,
294,Patrick Kane,N,RW,78,CHI,26,$8.0,263.3,3.4,-71.6,-5.7,132.0,-162.0,, ,77,17.4,18,39,56,185,5,20,0,0,27,29,-5,17,2,4,10,29%,,,,,,,,,,
295,Artem Zub,N,D,116,OTT,29,$4.6,172.0,2.2,-71.8,-5.7,—,N/A,, ,79,20.8,3,19,23,82,0,0,0,1,128,75,3,47,1,0,0,0%,,,,,,,,,,
296,Niko Mikkola,N,D,117,FLA,30,$5.0,171.9,2.1,-71.9,-5.8,—,N/A,, ,81,19.9,3,13,16,85,0,0,0,0,102,128,3,52,1,0,0,0%,,,,,,,,,,
297,Emil Heineman,N,"LW,RW",79,NYI,24,$1.1,262.6,3.3,-72.2,-5.8,—,N/A,, ,79,15.6,19,13,32,148,3,5,0,0,48,215,-5,24,3,5,13,28%,,,,,,,,,,
298,Marco Kasper,N,"C,LW",72,DET,22,$0.9,256.3,3.1,-72.5,-5.8,—,N/A,, ,82,15.4,16,18,35,153,3,6,0,1,51,177,-2,27,3,258,276,48%,,,,,,,,,,
299,Mikael Granlund,Y,"C,LW",74,ANA,34,$7.0,255.6,3.3,-73.1,-5.9,—,N/A,, ,79,18.5,20,34,54,147,5,14,0,1,54,53,-2,27,3,461,482,49%,,,,,,,,,,
300,Sam Rinzel,N,D,118,CHI,22,$0.9,170.0,2.3,-73.9,-5.9,132.4,-167.6,, ,72,18.9,5,17,23,110,0,3,0,0,91,70,-7,37,1,0,0,0%,,,,,,,,,,
301,Matthew Robertson,N,D,119,NYR,25,$0.8,169.8,2.1,-74.0,-5.9,—,N/A,, ,80,17.4,6,14,20,86,0,0,0,0,93,110,-1,38,1,0,0,0%,,,,,,,,,,
302,Louis Crevier,N,D,120,BUF,25,$0.9,169.7,2.4,-74.1,-5.9,—,N/A,, ,71,17.3,6,14,19,91,0,0,1,1,93,109,-1,36,1,0,0,0%,,,,,,,,,,
303,Chris Kreider,N,LW,76,ANA,35,$6.5,254.1,3.1,-74.6,-6.0,—,N/A,, ,81,16.8,23,23,47,164,8,15,1,1,26,82,-2,31,3,21,35,37%,,,,,,,,,,
304,Dmitri Voronkov,N,LW,77,CBJ,25,$4.2,253.3,3.2,-75.4,-6.0,—,N/A,, ,79,15.1,22,22,44,150,8,12,0,0,40,109,3,51,4,57,102,36%,,,,,,,,,,
305,Philipp Grubauer,,G,44,SEA,34,$5.9,123.3,3.5,-75.4,-6.0,—,N/A,, ,,,,,,,,,,,,,,,,,,,,35,13,16,5,1,945,109,0.897,3.11
306,Jordan Binnington,,G,45,STL,33,$6.0,123.2,3.5,-75.5,-6.0,134.3,-171.7,, ,,,,,,,,,,,,,,,,,,,,35,16,14,5,1,874,105,0.893,2.99
307,Alex Vlasic,N,D,121,CHI,25,$4.6,167.7,2.0,-76.2,-6.1,—,N/A,, ,83,21.9,4,19,23,95,0,0,0,1,138,49,-11,24,0,0,0,0%,,,,,,,,,,
308,Tom Willander,N,D,122,VAN,21,$1.0,167.3,2.1,-76.5,-6.1,—,N/A,, ,79,19.4,7,21,28,84,0,4,0,0,104,56,-12,29,1,0,0,0%,,,,,,,,,,
309,Connor Murphy,N,D,123,EDM,33,$4.1,167.2,2.1,-76.6,-6.1,—,N/A,, ,78,19.2,2,13,15,69,0,0,0,1,145,101,5,61,0,0,0,0%,,,,,,,,,,
310,Anthony Cirelli,Y,C,70,T.B,29,$6.3,251.4,3.1,-77.1,-6.2,135.3,-174.7,, ,82,17.4,23,29,52,143,3,6,2,4,58,53,10,33,4,581,601,49%,,,,,,,,,,
311,Mason Marchment,Y,LW,79,S.J,31,$6.8,251.4,3.2,-77.3,-6.2,132.2,-178.8,, ,79,16.2,21,29,50,141,4,9,0,0,32,94,0,51,3,16,22,42%,,,,,,,,,,
312,Dylan Demelo,N,D,124,WPG,33,$4.9,166.4,2.0,-77.5,-6.2,—,N/A,, ,84,21.4,1,18,19,62,0,0,0,1,118,119,3,40,0,0,0,0%,,,,,,,,,,
313,Anders Lee,N,LW,81,UTA,36,$5.4,250.3,3.0,-78.4,-6.3,—,N/A,, ,84,14.9,18,20,38,187,3,5,0,0,38,100,4,40,3,44,48,48%,,,,,,,,,,
314,Matvei Gridin,Y,"LW,RW",80,CGY,20,$1.0,256.1,3.5,-78.8,-6.3,—,N/A,, ,74,16.9,18,34,53,162,5,20,0,0,52,42,-9,19,3,7,31,18%,,,,,,,,,,
315,Hampus Lindholm,N,D,125,BOS,32,$6.5,164.8,2.3,-79.0,-6.3,—,N/A,, ,72,22.5,4,21,24,102,1,4,0,0,112,34,-1,51,1,0,0,0%,,,,,,,,,,
316,Alex Carrier,N,D,126,MTL,29,$3.8,164.7,2.0,-79.1,-6.3,—,N/A,, ,81,19.0,4,16,20,64,0,0,0,1,159,61,2,40,1,0,0,0%,,,,,,,,,,
317,Drew Helleson,N,D,127,ANA,25,$1.1,164.6,2.2,-79.2,-6.3,—,N/A,, ,74,19.2,5,17,22,73,0,0,0,2,110,95,-5,38,1,0,0,0%,,,,,,,,,,
318,Ryan McDonagh,N,D,128,T.B,37,$4.1,164.2,2.1,-79.6,-6.4,—,N/A,, ,77,20.2,4,22,26,70,0,0,0,1,132,43,8,21,1,0,0,0%,,,,,,,,,,
319,Elias Lindholm,N,C,71,BOS,31,$7.8,248.7,3.1,-79.8,-6.4,—,N/A,, ,81,16.8,16,27,43,133,3,11,0,1,67,72,-3,25,2,717,567,56%,,,,,,,,,,
320,Tyler Myers,N,D,129,DAL,36,$1.5,164.0,2.0,-79.8,-6.4,—,N/A,, ,80,18.0,3,14,17,81,0,0,0,1,122,90,3,55,0,0,0,0%,,,,,,,,,,
321,Adam Pelech,N,D,130,NYI,32,$5.8,164.0,2.1,-79.8,-6.4,—,N/A,, ,79,20.9,1,17,18,100,0,0,0,1,122,73,-3,44,0,0,0,0%,,,,,,,,,,
322,Jordan Staal,N,C,72,CAR,37,$2.9,248.2,3.0,-80.3,-6.4,—,N/A,, ,82,15.8,16,19,35,114,1,1,1,2,50,159,6,27,3,872,690,56%,,,,,,,,,,
323,Viktor Arvidsson,Y,"LW,RW",81,DET,33,$5.0,254.5,3.5,-80.4,-6.4,—,N/A,, ,73,15.8,23,26,49,188,5,12,0,0,35,36,0,30,4,10,14,41%,,,,,,,,,,
324,Kaedan Korczak,N,D,131,PIT,25,$3.3,163.4,2.3,-80.4,-6.4,—,N/A,, ,72,19.0,3,18,21,73,0,0,0,0,102,101,2,26,0,0,0,0%,,,,,,,,,,
325,Jared Spurgeon,N,D,132,MIN,36,$7.6,163.1,2.2,-80.7,-6.5,—,N/A,, ,75,19.2,3,15,18,77,0,3,0,0,125,77,3,18,0,0,0,0%,,,,,,,,,,
326,Charlie Coyle,N,C,73,CBJ,34,$6.0,247.4,2.9,-81.1,-6.5,—,N/A,, ,84,16.8,18,28,45,130,4,7,0,1,54,108,2,25,3,579,574,50%,,,,,,,,,,
327,Dante Fabbro,N,D,133,CBJ,28,$4.1,162.4,2.1,-81.4,-6.5,—,N/A,, ,78,17.5,6,13,18,78,0,0,0,0,128,75,0,36,1,0,0,0%,,,,,,,,,,
328,Vasily Podkolzin,N,"LW,RW",82,EDM,25,$3.0,253.1,3.3,-81.7,-6.5,—,N/A,, ,78,15.5,15,19,33,130,1,2,0,0,49,212,6,39,3,18,43,30%,,,,,,,,,,
329,Jonas Brodin,N,D,134,MIN,33,$6.0,161.6,2.2,-82.2,-6.6,—,N/A,, ,74,20.7,4,17,21,87,0,0,0,0,144,33,5,23,1,0,0,0%,,,,,,,,,,
330,Anthony Stolarz,,G,46,TOR,32,$3.8,116.4,4.2,-82.3,-6.6,133.4,-196.6,, ,,,,,,,,,,,,,,,,,,,,28,15,10,3,1,751,82,0.902,2.92
331,Brayden Schenn,N,"C,LW",83,NYI,35,$6.5,246.0,2.9,-82.7,-6.6,—,N/A,, ,84,15.6,16,23,38,119,2,6,0,0,42,172,-5,50,2,445,403,52%,,,,,,,,,,
332,Rasmus Ristolainen,N,D,135,PHI,31,$5.1,160.4,2.3,-83.4,-6.7,—,N/A,, ,70,21.0,2,16,18,88,0,1,0,1,105,85,1,25,0,0,0,0%,,,,,,,,,,
333,Jacob Fowler,,G,47,MTL,21,$0.9,115.2,3.8,-83.5,-6.7,153.4,-179.6,, ,,,,,,,,,,,,,,,,,,,,30,16,11,4,1,760,88,0.896,2.95
334,Morgan Frost,N,C,75,CGY,27,$4.4,244.7,3.0,-83.8,-6.7,—,N/A,, ,83,15.9,19,25,44,149,5,15,0,0,47,67,-8,28,3,570,503,53%,,,,,,,,,,
335,Simon Benoit,N,D,136,PHI,27,$1.4,159.9,2.0,-83.9,-6.7,—,N/A,, ,80,15.8,1,8,9,58,0,0,0,0,106,175,-2,47,0,0,0,0%,,,,,,,,,,
336,Aliaksei Protas,N,"LW,RW",83,WSH,25,$3.4,250.8,3.1,-84.1,-6.7,139.6,-196.4,,+,82,16.7,25,32,57,156,0,1,2,3,42,38,7,21,4,25,43,37%,,,,,,,,,,
337,Zayne Parekh,N,D,137,CGY,20,$1.0,159.6,2.2,-84.2,-6.7,136.0,-201.0,, ,74,17.5,7,15,22,95,4,10,0,0,76,58,-7,25,1,0,0,0%,,,,,,,,,,
338,Elias Pettersson (D),N,D,138,VAN,22,$0.9,159.1,2.2,-84.7,-6.8,—,N/A,, ,71,18.1,5,12,16,69,0,0,0,0,99,130,-11,37,1,0,0,0%,,,,,,,,,,
339,Tony DeAngelo,N,D,139,NYI,30,$4.5,158.9,2.2,-84.9,-6.8,—,N/A,, ,71,17.0,5,21,26,113,1,6,0,0,65,40,-4,24,1,0,0,0%,,,,,,,,,,
340,Tyson Foerster,N,"LW,RW",84,PHI,24,$3.8,249.9,3.4,-85.0,-6.8,132.7,-207.3,,+,74,17.4,26,18,44,152,5,9,0,1,53,73,2,33,4,1,3,21%,,,,,,,,,,
341,Kevin Lankinen,,G,48,VAN,31,$4.5,113.2,3.2,-85.5,-6.8,—,N/A,, ,,,,,,,,,,,,,,,,,,,,35,12,17,6,1,950,115,0.892,3.28
342,Cam Fowler,N,D,140,STL,34,$6.1,157.1,1.9,-86.7,-6.9,—,N/A,, ,82,20.8,3,26,30,84,1,8,0,0,88,26,-3,21,0,0,0,0%,,,,,,,,,,
343,James Hagens,N,C,76,BOS,19,$1.0,241.8,3.3,-86.8,-6.9,—,N/A,, ,74,14.0,20,26,46,151,5,12,0,0,31,88,0,30,3,90,135,40%,,,,,,,,,,
344,Nate Schmidt,N,D,141,UTA,35,$3.5,155.9,1.9,-87.9,-7.0,—,N/A,, ,82,19.2,4,14,18,80,0,0,0,0,101,83,4,29,1,0,0,0%,,,,,,,,,,
345,Kyle Palmieri,Y,RW,85,NYI,35,$4.8,246.0,3.3,-88.9,-7.1,—,N/A,, ,74,17.8,20,24,44,179,6,14,1,1,35,57,-3,24,3,9,13,41%,,,,,,,,,,
346,Mason Lohrei,N,D,142,BOS,25,$3.2,154.6,2.0,-89.2,-7.1,—,N/A,, ,78,16.1,6,20,26,75,1,8,0,0,90,42,-2,22,1,0,0,0%,,,,,,,,,,
347,Jack Quinn,Y,RW,86,BUF,24,$3.4,245.5,3.2,-89.4,-7.2,—,N/A,, ,77,15.8,19,29,48,171,4,13,0,0,26,52,1,22,3,3,9,22%,,,,,,,,,,
348,Jake Neighbours,N,"LW,RW",87,STL,24,$3.8,245.3,3.0,-89.6,-7.2,128.9,-219.1,, ,81,14.5,19,23,42,110,3,10,0,0,43,153,-1,39,3,7,15,32%,,,,,,,,,,
349,Mackie Samoskevich,Y,RW,88,SEA,23,$3.9,245.2,3.0,-89.7,-7.2,—,N/A,, ,81,14.9,15,20,35,160,2,6,0,0,39,150,-5,26,2,3,9,24%,,,,,,,,,,
350,Joel Edmundson,N,D,143,L.A,33,$3.9,153.9,1.9,-89.9,-7.2,—,N/A,, ,80,18.6,2,13,15,80,0,0,0,0,110,97,0,28,0,0,0,0%,,,,,,,,,,
351,Jordan Eberle,Y,RW,89,SEA,36,$5.5,244.6,3.1,-90.2,-7.2,—,N/A,, ,78,18.0,21,28,48,160,4,13,0,0,41,51,-5,26,3,15,23,39%,,,,,,,,,,
352,Lian Bichsel,N,D,144,DAL,22,$0.9,152.2,2.2,-91.6,-7.3,—,N/A,, ,69,15.2,6,9,15,52,0,0,0,0,62,158,4,45,1,0,0,0%,,,,,,,,,,
353,Nicolas Hague,N,D,145,NSH,27,$5.5,152.0,2.0,-91.8,-7.3,126.9,-226.1,, ,78,19.5,4,13,17,84,0,0,0,1,88,96,-4,50,1,0,0,0%,,,,,,,,,,
354,Jonas Siegenthaler,N,D,146,N.J,29,$3.4,151.7,1.9,-92.1,-7.4,—,N/A,, ,78,19.6,2,14,16,66,0,0,0,1,126,89,-1,37,0,0,0,0%,,,,,,,,,,
355,Akira Schmid,,G,49,FLA,26,$2.0,106.3,3.8,-92.5,-7.4,—,N/A,, ,,,,,,,,,,,,,,,,,,,,28,16,9,3,2,664,78,0.895,2.79
356,Nick Perbix,N,D,147,NSH,28,$2.8,151.0,1.8,-92.8,-7.4,—,N/A,, ,82,19.2,4,17,21,81,0,0,0,2,107,58,-5,24,1,0,0,0%,,,,,,,,,,
357,Pierre-Luc Dubois,Y,"C,LW",86,WSH,28,$8.5,235.3,3.2,-93.4,-7.5,—,N/A,, ,75,16.8,17,33,50,125,5,12,0,0,43,66,5,46,2,474,489,49%,,,,,,,,,,
358,Jalen Chatfield,N,D,148,CAR,30,$3.0,150.0,1.9,-93.8,-7.5,—,N/A,, ,81,19.1,4,14,19,102,0,0,0,0,82,55,6,32,1,0,0,0%,,,,,,,,,,
359,Ian Moore,N,D,149,ANA,24,$1.2,149.6,1.9,-94.2,-7.5,—,N/A,, ,78,16.0,5,12,18,87,0,0,0,1,102,68,-4,31,1,0,3,0%,,,,,,,,,,
360,Brett Pesce,N,D,150,N.J,31,$5.5,149.5,2.0,-94.3,-7.5,—,N/A,, ,73,20.3,3,13,15,92,0,0,0,0,137,38,-1,25,0,0,0,0%,,,,,,,,,,
361,Ryker Evans,N,D,151,SEA,24,$2.1,148.4,2.0,-95.4,-7.6,—,N/A,, ,76,18.2,7,14,21,61,0,1,1,1,94,81,-6,37,1,0,0,0%,,,,,,,,,,
362,Theo Lindstein,N,D,152,STL,21,$0.9,147.9,2.1,-95.9,-7.7,—,N/A,, ,70,16.9,7,14,20,83,0,0,0,0,80,68,-1,28,1,0,0,0%,,,,,,,,,,
363,Casey DeSmith,,G,50,DAL,35,$1.0,101.9,4.1,-96.9,-7.7,—,N/A,, ,,,,,,,,,,,,,,,,,,,,25,14,8,3,1,624,69,0.900,2.78
364,Mathieu Olivier,N,RW,90,CBJ,29,$3.0,237.5,3.1,-97.4,-7.8,—,N/A,, ,78,13.6,15,13,28,105,0,0,1,1,57,230,2,84,2,5,13,29%,,,,,,,,,,
365,Johnathan Kovacevic,N,D,153,N.J,29,$4.0,146.1,2.0,-97.7,-7.8,—,N/A,, ,73,19.2,2,14,17,66,0,0,0,0,95,97,0,56,0,0,0,0%,,,,,,,,,,
366,Sebastian Cossa,,G,51,UTA,23,$2.0,100.9,4.0,-97.8,-7.8,—,N/A,,+,,,,,,,,,,,,,,,,,,,,25,13,9,3,1,654,73,0.900,2.91
367,Maveric Lamoureux,N,D,154,UTA,22,$0.9,145.8,2.0,-98.1,-7.8,—,N/A,, ,72,15.5,4,13,18,74,0,0,0,0,84,89,1,50,1,0,0,0%,,,,,,,,,,
368,Frank Nazar,Y,C,81,CHI,22,$6.6,230.0,3.1,-98.5,-7.9,—,N/A,, ,75,18.0,19,28,47,150,4,11,1,1,49,50,-8,28,2,415,479,46%,,,,,,,,,,
369,Yakov Trenin,N,"C,LW,RW",91,MIN,29,$3.5,236.1,2.9,-98.8,-7.9,—,N/A,, ,83,12.5,8,12,20,96,0,0,0,0,37,316,3,34,1,50,70,42%,,,,,,,,,,
370,John Marino,N,D,155,UTA,29,$4.4,144.0,1.9,-99.8,-8.0,132.2,-237.8,, ,77,20.7,4,26,30,60,0,0,0,1,84,39,4,22,1,0,0,0%,,,,,,,,,,
371,Samuel Ersson,,G,52,OTT,26,$2.2,98.7,3.3,-100.0,-8.0,—,N/A,, ,,,,,,,,,,,,,,,,,,,,30,16,11,4,2,637,82,0.886,2.73
372,Parker Wotherspoon,N,D,156,VGK,29,$1.0,143.7,1.9,-100.1,-8.0,—,N/A,, ,76,16.9,1,15,17,51,0,0,0,1,90,114,3,33,0,0,0,0%,,,,,,,,,,
373,Jonathan Aspirot,N,D,157,BOS,27,$0.9,143.5,1.9,-100.3,-8.0,—,N/A,, ,75,16.6,4,12,16,59,0,0,0,0,99,98,0,44,0,0,0,0%,,,,,,,,,,
374,Tristan Luneau,N,D,158,ANA,20,$0.9,143.1,2.1,-100.7,-8.1,—,N/A,, ,68,16.9,6,13,19,85,0,0,0,0,82,59,-3,25,1,0,0,0%,,,,,,,,,,
375,Timothy Liljegren,N,D,159,WSH,27,$3.3,142.9,2.0,-100.9,-8.1,—,N/A,, ,73,17.5,3,12,15,67,0,0,0,0,117,69,3,34,0,0,0,0%,,,,,,,,,,
376,Dennis Hildeby,,G,53,T.B,25,$0.8,97.7,3.9,-101.0,-8.1,—,N/A,, ,,,,,,,,,,,,,,,,,,,,25,15,8,3,2,588,69,0.896,2.74
377,Brett Kulak,N,D,160,COL,32,$4.5,142.6,1.7,-101.2,-8.1,—,N/A,, ,84,18.8,2,14,16,96,0,0,0,0,110,37,4,32,0,0,0,0%,,,,,,,,,,
378,Connor McMichael,N,"C,LW",95,STL,25,$6.8,226.9,2.7,-101.8,-8.1,—,N/A,, ,83,16.6,19,29,48,153,3,7,0,2,44,50,-2,35,3,268,338,44%,,,,,,,,,,
379,Pavel Buchnevich,N,"C,LW,RW",92,STL,31,$8.0,232.8,2.8,-102.1,-8.2,—,N/A,, ,83,17.1,20,30,50,148,4,12,0,1,38,40,-1,29,3,85,125,40%,,,,,,,,,,
380,Jack McBain,N,"C,LW",96,UTA,26,$4.3,226.5,2.8,-102.2,-8.2,—,N/A,, ,81,12.7,10,15,25,93,0,0,1,1,45,250,2,57,2,308,315,49%,,,,,,,,,,
381,Artturi Lehkonen,N,"LW,RW",93,COL,31,$4.5,232.4,3.0,-102.4,-8.2,135.9,-245.1,, ,76,17.5,22,24,46,154,2,4,0,0,37,48,10,25,4,6,15,29%,,,,,,,,,,
382,Michael DiPietro,,G,54,BOS,27,$0.8,96.2,3.8,-102.5,-8.2,—,N/A,, ,,,,,,,,,,,,,,,,,,,,25,12,10,3,1,668,75,0.899,3.00
383,Zachary Bolduc,N,"LW,RW",94,MTL,23,$0.9,232.0,3.0,-102.8,-8.2,—,N/A,, ,76,14.5,17,19,36,117,4,7,0,0,43,150,4,29,3,14,21,41%,,,,,,,,,,
384,Wyatt Kaiser,N,D,161,CHI,24,$1.7,140.1,1.9,-103.7,-8.3,—,N/A,, ,75,19.8,6,13,19,82,0,0,0,0,91,56,-8,33,1,0,0,0%,,,,,,,,,,
385,Mavrik Bourque,N,"C,RW",95,NSH,24,$5.5,230.8,2.8,-104.0,-8.3,—,N/A,, ,82,16.3,20,24,44,149,2,8,0,0,30,79,-2,23,3,128,153,46%,,,,,,,,,,
386,Jonathan Huberdeau,N,"LW,RW",96,CGY,33,$10.5,230.8,3.0,-104.1,-8.3,—,N/A,, ,78,18.2,18,28,46,136,6,15,1,2,50,53,-8,38,3,12,18,41%,,,,,,,,,,
387,Brandon Carlo,N,D,162,STL,29,$3.5,139.7,1.8,-104.1,-8.3,—,N/A,, ,79,17.7,1,10,11,65,0,0,0,0,126,89,-3,38,0,0,0,0%,,,,,,,,,,
388,Jonathan Marchessault,N,"LW,RW",97,NSH,35,$5.5,229.5,2.9,-105.3,-8.4,—,N/A,, ,80,15.4,17,23,40,169,4,11,0,0,18,83,-4,30,2,14,32,30%,,,,,,,,,,
389,Cody Ceci,N,D,163,L.A,32,$4.5,138.4,1.6,-105.4,-8.4,—,N/A,, ,84,17.7,3,14,16,66,0,0,0,1,119,60,-2,20,0,0,0,0%,,,,,,,,,,
390,Dmitry Kulikov,N,D,164,FLA,35,$1.2,138.3,1.8,-105.5,-8.4,—,N/A,, ,78,17.3,2,11,14,65,0,0,0,0,82,104,3,35,0,0,0,0%,,,,,,,,,,
391,Samuel Girard,N,D,165,PIT,28,$5.0,138.1,1.8,-105.7,-8.5,—,N/A,, ,77,18.3,3,19,22,69,0,0,0,0,92,49,0,22,0,0,0,0%,,,,,,,,,,
392,Matt Duchene,N,"C,RW",98,DAL,35,$4.5,229.0,2.9,-105.8,-8.5,136.6,-255.4,, ,79,15.2,19,33,52,120,4,11,0,0,29,41,5,16,3,348,303,53%,,,,,,,,,,
393,Emil Martinsen Lilleberg,N,D,166,T.B,25,$0.8,137.6,1.9,-106.2,-8.5,—,N/A,, ,73,15.6,3,14,17,57,0,0,0,0,68,110,6,63,0,0,0,0%,,,,,,,,,,
394,Ryan Lindgren,N,D,167,SEA,28,$4.5,137.6,1.7,-106.2,-8.5,—,N/A,, ,81,18.5,3,13,16,55,0,0,0,1,126,73,-9,44,0,0,1,0%,,,,,,,,,,
395,Claude Giroux,N,"C,LW,RW",99,OTT,19,$2.0,228.1,2.7,-106.7,-8.5,—,N/A,, ,84,15.3,12,29,41,131,2,11,0,1,30,64,3,25,2,489,311,61%,,,,,,,,,,
396,Christian Dvorak,N,C,86,PHI,30,$5.2,221.3,2.8,-107.2,-8.6,—,N/A,, ,78,17.4,15,26,42,133,2,5,0,1,55,45,0,24,2,596,482,55%,,,,,,,,,,
397,Frank Vatrano,N,"LW,RW",100,ANA,32,$4.6,227.6,2.9,-107.2,-8.6,—,N/A,, ,78,13.9,14,14,29,162,3,5,0,1,49,130,-5,50,2,10,14,42%,,,,,,,,,,
398,Joel Farabee,N,"LW,RW",101,CGY,26,$5.0,227.6,2.7,-107.3,-8.6,—,N/A,, ,84,17.1,20,20,40,158,1,4,3,4,56,68,-8,33,3,26,38,41%,,,,,,,,,,
399,Josh Norris,N,C,87,BUF,27,$8.0,220.3,3.1,-108.2,-8.7,—,N/A,, ,71,15.0,19,22,41,112,4,11,0,0,42,79,1,29,3,443,411,52%,,,,,,,,,,
400,Ben Kindel,N,C,88,PIT,19,$1.0,220.3,2.7,-108.3,-8.7,—,N/A,, ,82,15.9,18,22,40,160,4,9,0,2,62,43,0,25,3,317,412,43%,,,,,,,,,,
401,Charlie Lindgren,,G,55,WSH,32,$3.0,90.4,3.6,-108.3,-8.7,—,N/A,, ,,,,,,,,,,,,,,,,,,,,25,13,9,3,1,601,73,0.892,2.91
402,Ian Cole,N,D,168,CHI,37,$4.0,135.5,1.6,-108.3,-8.7,—,N/A,, ,84,18.1,0,13,12,34,0,0,0,0,156,85,-6,56,0,0,0,0%,,,,,,,,,,
403,Conor Timmins,N,D,169,BUF,27,$2.2,135.0,2.0,-108.8,-8.7,—,N/A,, ,69,17.7,2,13,15,66,0,0,0,0,114,62,0,33,0,0,0,0%,,,,,,,,,,
404,Elias Salomonsson,N,D,170,WPG,21,$0.9,134.9,1.8,-108.9,-8.7,—,N/A,, ,74,16.1,3,11,14,76,0,1,0,0,71,91,1,27,1,0,0,0%,,,,,,,,,,
405,Emmitt Finnie,N,"C,LW",101,DET,21,$0.9,219.8,2.6,-108.9,-8.7,—,N/A,, ,83,15.3,15,20,35,127,4,8,0,0,41,126,-2,15,2,47,60,44%,,,,,,,,,,
406,Taylor Hall,N,LW,102,CAR,34,$3.2,219.5,2.9,-109.2,-8.7,—,N/A,, ,76,15.6,17,26,44,140,3,8,0,0,34,55,6,34,3,25,32,44%,,,,,,,,,,
407,Mats Zuccarello,Y,RW,102,L.A,38,$1.0,225.1,2.9,-109.8,-8.8,—,N/A,, ,77,16.3,15,35,50,139,3,16,0,0,36,31,0,25,2,26,36,42%,,,,,,,,,,
408,Roman Kantserov,N,RW,103,CHI,21,$1.1,225.0,2.9,-109.8,-8.8,—,N/A,, ,77,15.0,19,19,38,146,4,8,0,0,33,91,0,31,2,0,0,40%,,,,,,,,,,
409,Yegor Chinakhov,N,"LW,RW",104,PIT,25,$6.3,225.0,3.1,-109.8,-8.8,129.7,-279.3,, ,72,15.0,21,22,42,151,2,6,0,0,33,66,0,15,3,2,8,19%,,,,,,,,,,
410,Easton Cowan,N,LW,103,TOR,21,$0.9,218.4,2.8,-110.3,-8.8,—,N/A,, ,77,15.8,16,25,41,122,3,7,0,0,40,88,1,37,2,3,5,33%,,,,,,,,,,
411,Joonas Korpisalo,,G,56,NYR,32,$3.0,88.0,3.5,-110.7,-8.9,—,N/A,, ,,,,,,,,,,,,,,,,,,,,25,12,10,3,1,608,72,0.894,2.90
412,Chandler Stephenson,Y,C,92,SEA,32,$6.3,217.5,2.6,-111.0,-8.9,—,N/A,, ,82,19.3,15,35,50,99,4,16,1,2,56,33,-12,22,2,762,703,52%,,,,,,,,,,
413,Josh Mahura,N,D,171,SEA,28,$0.9,132.2,2.0,-111.6,-8.9,—,N/A,, ,66,17.9,1,13,14,60,0,0,0,0,95,92,-5,30,0,0,0,0%,,,,,,,,,,
414,Elvis Merzlikins,,G,57,CBJ,32,$5.4,87.1,3.5,-111.6,-8.9,—,N/A,, ,,,,,,,,,,,,,,,,,,,,25,12,10,3,1,600,73,0.891,2.93
415,Adam Wilsby,N,D,172,NSH,26,$0.8,132.1,1.8,-111.7,-8.9,—,N/A,, ,74,17.4,3,16,19,80,0,0,0,0,74,56,-3,34,0,0,0,0%,,,,,,,,,,
416,Daniil Tarasov (G),,G,58,DET,27,$2.0,86.7,3.5,-112.0,-9.0,—,N/A,, ,,,,,,,,,,,,,,,,,,,,25,12,10,3,1,608,73,0.893,2.93
417,Brian Dumoulin,N,D,173,L.A,34,$4.0,131.6,1.6,-112.2,-9.0,—,N/A,, ,84,17.7,3,15,17,62,0,0,0,0,98,60,-2,22,0,0,0,0%,,,,,,,,,,
418,Ville Husso,,G,59,ANA,31,$2.2,86.1,3.4,-112.6,-9.0,—,N/A,, ,,,,,,,,,,,,,,,,,,,,25,11,11,4,1,662,81,0.891,3.22
419,Devin Cooley,,G,60,CGY,29,$1.4,86.1,3.4,-112.7,-9.0,—,N/A,, ,,,,,,,,,,,,,,,,,,,,25,9,12,4,1,677,78,0.897,3.11
420,Jayden Struble,N,D,174,MTL,24,$1.4,130.8,1.8,-113.0,-9.0,—,N/A,, ,74,13.9,3,12,15,47,0,0,0,0,55,128,2,41,1,0,0,0%,,,,,,,,,,
421,Tyler Toffoli,N,"LW,RW",105,S.J,34,$6.0,221.4,2.7,-113.4,-9.1,—,N/A,, ,83,13.5,20,21,41,159,3,7,0,0,30,55,-2,14,3,11,16,40%,,,,,,,,,,
422,Andrew Copp,N,"C,LW",105,DET,32,$5.6,214.6,2.7,-114.2,-9.1,—,N/A,, ,80,17.2,12,30,42,122,2,10,0,1,60,45,-1,26,2,553,492,53%,,,,,,,,,,
423,Nick Jensen,N,D,175,ANA,35,$2.3,129.6,1.7,-114.2,-9.1,—,N/A,, ,78,19.5,1,16,18,55,0,0,0,0,103,64,-4,17,0,0,0,0%,,,,,,,,,,
424,Erik Haula,N,"C,LW",106,L.A,35,$3.6,214.5,2.6,-114.3,-9.1,—,N/A,, ,81,16.0,13,19,31,130,3,8,0,1,47,114,-2,48,2,492,462,52%,,,,,,,,,,
425,Vincent Desharnais,N,D,176,WSH,30,$4.2,129.2,1.7,-114.6,-9.2,—,N/A,, ,74,17.4,0,8,8,34,0,0,0,0,112,122,4,52,0,0,0,0%,,,,,,,,,,
426,Fabian Zetterlund,N,"LW,RW",106,OTT,27,$4.3,220.2,2.6,-114.7,-9.2,—,N/A,, ,84,12.8,15,16,30,134,3,5,0,0,43,135,2,18,3,10,13,44%,,,,,,,,,,
427,Jean-Gabriel Pageau,N,C,95,NYI,33,$4.9,213.8,2.6,-114.7,-9.2,—,N/A,, ,82,14.8,13,20,33,93,0,0,2,6,56,124,-4,13,2,649,464,58%,,,,,,,,,,
428,Ridly Greig,N,"C,LW,RW",107,OTT,24,$3.3,220.1,2.7,-114.8,-9.2,—,N/A,, ,82,16.3,14,21,35,129,1,4,2,2,52,111,2,61,3,260,250,51%,,,,,,,,,,
429,Boone Jenner,N,"C,LW",108,WSH,33,$5.8,213.8,3.0,-114.9,-9.2,—,N/A,, ,71,14.4,12,19,31,123,1,2,0,1,58,124,4,29,2,251,223,53%,,,,,,,,,,
430,Vitek Vanecek,,G,61,NYI,30,$1.0,83.5,3.3,-115.2,-9.2,—,N/A,, ,,,,,,,,,,,,,,,,,,,,25,10,11,4,1,638,78,0.892,3.10
431,Logan Mailloux,N,D,177,STL,23,$0.9,127.5,2.0,-116.4,-9.3,—,N/A,, ,63,16.4,5,10,15,73,0,1,0,0,61,81,-4,37,1,0,0,0%,,,,,,,,,,
432,Dawson Mercer,N,"C,RW",108,N.J,24,$4.0,218.2,2.6,-116.6,-9.3,—,N/A,, ,84,17.8,20,21,41,154,4,7,1,1,51,42,0,23,3,116,168,41%,,,,,,,,,,
433,Conor Garland,N,RW,109,CBJ,30,$6.0,218.0,2.7,-116.8,-9.3,—,N/A,, ,82,16.6,15,24,39,158,3,9,0,0,43,54,1,36,2,9,20,32%,,,,,,,,,,
434,Nils Lundkvist,N,D,178,DAL,26,$1.8,126.8,1.8,-117.1,-9.4,—,N/A,, ,70,16.4,3,14,17,74,0,0,0,0,72,53,5,27,1,0,0,0%,,,,,,,,,,
435,Tyler Tucker,N,D,179,STL,26,$0.9,126.0,1.8,-117.8,-9.4,—,N/A,, ,70,14.2,3,10,13,63,0,0,0,0,61,102,-2,65,0,0,0,0%,,,,,,,,,,
436,Arvid Soderblom,,G,62,CHI,27,$2.8,80.9,3.2,-117.8,-9.4,—,N/A,, ,,,,,,,,,,,,,,,,,,,,25,9,12,4,0,673,83,0.891,3.30
437,Igor Chernyshov,N,"LW,RW",110,S.J,20,$0.9,216.8,2.9,-118.0,-9.4,—,N/A,, ,74,14.9,20,25,45,125,5,10,0,0,34,56,-1,23,3,0,0,0%,,,,,,,,,,
438,Emil Andrae,N,D,180,TOR,24,$1.6,125.0,1.8,-118.8,-9.5,—,N/A,, ,71,16.1,3,11,14,56,0,0,0,0,79,82,2,26,0,1,2,40%,,,,,,,,,,
439,Uvis Balinskis,N,D,181,FLA,30,$0.9,124.4,1.7,-119.4,-9.6,—,N/A,, ,73,14.7,3,9,13,74,0,0,0,0,60,86,2,29,1,0,0,0%,,,,,,,,,,
440,Sean Monahan,N,C,102,CBJ,31,$5.5,209.0,2.6,-119.5,-9.6,—,N/A,, ,80,15.7,15,25,40,128,2,8,1,2,37,47,3,17,2,615,544,53%,,,,,,,,,,
441,Alex Wennberg,N,C,103,S.J,31,$6.0,208.2,2.5,-120.3,-9.6,—,N/A,, ,83,19.5,15,30,46,99,6,12,0,1,88,37,-4,21,2,633,714,47%,,,,,,,,,,
442,Ryan Shea,N,D,182,EDM,29,$4.0,123.0,1.7,-120.8,-9.7,—,N/A,, ,73,17.5,3,15,18,55,0,0,0,0,85,47,5,19,1,0,0,0%,,,,,,,,,,
443,Alex Iafallo,N,"LW,RW",111,WPG,32,$3.7,213.8,2.6,-121.0,-9.7,—,N/A,, ,83,15.7,14,18,32,127,3,7,0,0,60,106,1,18,2,16,23,42%,,,,,,,,,,
444,Mikael Backlund,N,C,104,CGY,37,$3.3,206.9,2.5,-121.6,-9.7,—,N/A,, ,83,18.2,14,21,35,185,1,3,1,3,38,39,-8,26,2,740,753,50%,,,,,,,,,,
445,Parker Kelly,N,"C,LW",114,COL,27,$1.7,206.5,2.5,-122.2,-9.8,—,N/A,, ,84,12.7,14,13,27,102,0,0,1,2,62,170,6,30,3,91,163,36%,,,,,,,,,,
446,Calum Ritchie,Y,"C,RW",112,NYI,21,$0.9,212.6,2.8,-122.2,-9.8,—,N/A,, ,77,16.2,20,26,46,124,8,19,0,0,44,38,-6,31,3,162,272,37%,,,,,,,,,,
447,Ryan McLeod,N,C,106,BUF,26,$5.0,206.2,2.5,-122.3,-9.8,—,N/A,, ,83,17.3,17,35,52,105,1,5,3,5,37,29,2,19,3,624,626,50%,,,,,,,,,,
448,Gabe Perreault,Y,RW,113,NYR,21,$0.9,212.0,2.7,-122.8,-9.8,128.0,-320.0,, ,79,15.7,19,25,44,122,4,9,0,0,35,49,0,22,3,7,8,46%,,,,,,,,,,
449,Brett Howden,N,"C,LW",115,VGK,28,$2.5,205.6,2.6,-123.2,-9.9,—,N/A,, ,78,15.4,17,16,34,104,1,3,1,1,39,124,3,44,3,325,324,50%,,,,,,,,,,
450,Simon Holmstrom,N,"LW,RW",114,NYI,25,$3.6,211.4,2.6,-123.4,-9.9,—,N/A,, ,82,17.6,22,26,48,114,2,5,3,5,54,30,-3,20,3,4,13,24%,,,,,,,,,,
451,Mark Kastelic,N,"C,RW",115,BOS,27,$1.6,211.1,2.7,-123.7,-9.9,—,N/A,, ,79,12.3,10,10,20,97,0,0,1,1,57,209,-2,82,1,316,230,58%,,,,,,,,,,
452,Jamie Benn,N,"C,LW,RW",116,DAL,37,$0.9,211.1,2.6,-123.8,-9.9,—,N/A,, ,80,12.5,15,24,39,103,2,6,0,0,34,106,6,56,3,150,122,55%,,,,,,,,,,
453,Justin Barron,N,D,183,NSH,24,$1.6,119.7,1.6,-124.1,-9.9,—,N/A,, ,73,14.6,4,10,14,58,0,0,0,0,81,70,-3,23,1,0,0,0%,,,,,,,,,,
454,Fraser Minten,N,C,108,BOS,22,$0.9,204.2,2.7,-124.3,-9.9,—,N/A,, ,75,15.5,15,17,32,108,1,4,0,1,44,125,0,21,2,370,389,49%,,,,,,,,,,
455,Matt Savoie,N,"C,RW",117,EDM,22,$0.9,209.8,2.6,-125.1,-10.0,134.3,-320.7,,+,81,15.8,18,23,41,149,4,6,1,1,40,29,5,21,3,34,50,41%,,,,,,,,,,
456,Anthony Mantha,N,"LW,RW",118,N.J,19,$4.8,209.6,2.8,-125.2,-10.0,138.8,-317.2,, ,74,13.9,22,22,44,118,4,7,0,0,34,52,2,36,3,10,24,30%,,,,,,,,,,
457,Hunter Brzustewicz,N,D,184,CGY,21,$1.0,118.5,1.8,-125.3,-10.0,—,N/A,, ,64,16.8,4,12,16,67,0,3,0,0,61,59,-6,20,1,0,0,0%,,,,,,,,,,
458,Henri Jokiharju,N,D,185,BOS,27,$3.0,118.4,1.6,-125.4,-10.0,—,N/A,, ,73,15.9,3,13,16,64,0,1,0,0,69,60,-1,21,0,0,0,0%,,,,,,,,,,
459,Albert Johansson,N,D,186,DET,25,$1.1,118.3,1.5,-125.5,-10.0,—,N/A,, ,79,15.3,3,9,12,60,0,0,0,1,89,66,-3,21,1,0,0,0%,,,,,,,,,,
460,Jacob Bernard-Docker,N,D,187,DET,26,$1.6,118.2,1.6,-125.6,-10.1,—,N/A,, ,74,14.3,3,9,11,52,0,0,0,0,93,77,-1,27,0,0,0,0%,,,,,,,,,,
461,Shane Wright,N,"C,RW",119,SEA,22,$0.9,209.1,2.6,-125.7,-10.1,—,N/A,, ,81,15.0,18,24,42,118,4,10,0,0,64,65,-5,19,3,296,406,42%,,,,,,,,,,
462,Eetu Luostarinen,N,LW,117,FLA,27,$3.0,202.0,2.5,-126.7,-10.1,—,N/A,, ,82,14.9,11,20,31,100,0,0,0,1,57,141,4,29,2,100,112,47%,,,,,,,,,,
463,Arseny Gritsyuk,N,"LW,RW",120,N.J,25,$3.3,208.0,2.7,-126.9,-10.1,—,N/A,,+,77,14.4,15,21,36,161,1,3,0,0,23,69,1,28,2,4,10,31%,,,,,,,,,,
464,Trevor Moore,N,"LW,RW",121,L.A,31,$4.2,207.8,2.6,-127.0,-10.2,—,N/A,, ,80,14.8,16,19,35,160,1,2,1,1,37,66,1,18,2,4,18,19%,,,,,,,,,,
465,Oliver Bjorkstrand,N,RW,122,NYR,31,$4.5,207.4,2.5,-127.5,-10.2,—,N/A,, ,83,14.2,13,22,34,135,3,6,0,0,40,93,-1,18,2,6,11,36%,,,,,,,,,,
466,Chris Tanev,N,D,188,TOR,36,$4.5,116.3,1.7,-127.5,-10.2,—,N/A,, ,70,19.6,0,12,13,35,0,0,0,0,141,40,2,24,0,0,0,0%,,,,,,,,,,
467,Adam Lowry,N,C,110,WPG,33,$5.0,200.9,2.5,-127.6,-10.2,—,N/A,, ,81,15.0,10,18,27,93,0,0,1,1,57,154,1,37,2,603,554,52%,,,,,,,,,,
468,Shakir Mukhamadullin,N,D,189,EDM,24,$1.8,116.0,1.8,-127.8,-10.2,—,N/A,, ,63,16.0,5,10,14,58,0,0,0,0,78,53,3,24,1,0,0,0%,,,,,,,,,,
469,Jason Zucker,N,LW,118,BUF,34,$4.8,200.8,2.6,-127.9,-10.2,—,N/A,, ,78,13.3,16,21,37,131,5,8,0,0,25,70,2,32,2,44,68,39%,,,,,,,,,,
470,Noah Cates,N,C,112,PHI,27,$4.0,199.4,2.5,-129.1,-10.3,—,N/A,, ,81,14.9,15,23,38,115,1,4,1,1,49,93,2,22,2,410,504,45%,,,,,,,,,,
471,Michael McCarron,N,C,113,MIN,31,$3.3,199.4,2.5,-129.1,-10.3,—,N/A,, ,81,13.3,8,10,17,101,0,0,1,1,68,180,1,69,1,505,442,53%,,,,,,,,,,
472,Stuart Skinner,,G,63,WPG,27,$3.8,69.0,3.4,-129.7,-10.4,—,N/A,, ,,,,,,,,,,,,,,,,,,,,20,10,8,3,1,461,56,0.892,2.79
473,Justus Annunen,,G,64,NSH,26,$1.3,68.8,3.4,-129.9,-10.4,—,N/A,, ,,,,,,,,,,,,,,,,,,,,20,9,8,3,1,499,60,0.892,3.01
474,Gabriel Landeskog,N,"LW,RW",123,COL,33,$7.0,204.9,3.3,-130.0,-10.4,132.6,-341.4,, ,62,16.0,13,20,33,129,3,6,0,0,31,82,7,37,2,164,99,62%,,,,,,,,,,
475,Scott Laughton,N,"C,LW",119,L.A,32,$3.5,198.2,2.5,-130.5,-10.4,—,N/A,, ,81,13.6,12,13,25,114,0,0,2,3,50,139,-2,36,2,436,392,53%,,,,,,,,,,
476,Adam Klapka,N,RW,124,CGY,25,$1.3,204.3,3.0,-130.5,-10.4,—,N/A,, ,69,11.9,8,12,20,83,0,1,0,0,47,249,-7,54,1,12,25,32%,,,,,,,,,,
477,Bobby Brink,N,RW,125,MIN,25,$2.8,203.7,2.6,-131.2,-10.5,—,N/A,, ,79,14.7,15,22,37,114,2,5,0,0,40,91,2,24,2,19,32,38%,,,,,,,,,,
478,Nicholas Robertson,N,RW,126,PIT,24,$3.3,203.6,2.6,-131.3,-10.5,—,N/A,, ,79,13.2,17,16,33,135,2,4,0,0,38,84,-1,16,3,10,13,42%,,,,,,,,,,
479,Ryan Graves,N,D,190,PIT,31,$4.5,112.3,1.6,-131.6,-10.5,—,N/A,, ,69,16.0,1,6,7,52,0,0,0,0,98,78,-1,26,0,0,0,0%,,,,,,,,,,
480,Scott Mayfield,N,D,191,NYI,33,$3.5,112.2,1.4,-131.6,-10.5,—,N/A,, ,77,16.5,0,9,9,48,0,0,0,0,95,83,-5,47,0,0,0,0%,,,,,,,,,,
481,Trevor van Riemsdyk,N,D,192,PIT,35,$4.0,111.8,1.4,-132.0,-10.6,—,N/A,, ,80,17.5,0,14,13,42,0,0,0,0,126,35,0,25,0,0,0,0%,,,,,,,,,,
482,Cole Sillinger,N,"C,RW",127,CBJ,23,$4.6,201.4,2.5,-133.5,-10.7,—,N/A,, ,81,14.5,11,24,35,134,0,1,0,1,43,99,0,33,2,136,172,44%,,,,,,,,,,
483,Zach Bogosian,N,D,193,MIN,36,$1.3,109.6,1.5,-134.2,-10.7,—,N/A,, ,75,14.2,1,8,10,53,0,0,0,0,70,84,2,34,0,0,1,0%,,,,,,,,,,
484,Morgan Barron,N,"C,LW",121,WPG,27,$1.9,194.3,2.4,-134.4,-10.8,—,N/A,, ,80,12.8,12,12,23,112,0,0,1,1,49,154,1,29,2,272,294,48%,,,,,,,,,,
485,Jack Roslovic,N,"C,RW",128,TOR,29,$4.0,200.3,2.5,-134.5,-10.8,130.5,-354.5,, ,79,14.5,19,18,37,146,2,4,0,0,29,44,0,18,3,143,136,51%,,,,,,,,,,
486,Olli Maatta,N,D,194,MIN,32,$3.5,109.2,1.4,-134.6,-10.8,—,N/A,, ,75,15.8,1,14,15,49,0,0,0,0,94,35,2,15,0,0,0,0%,,,,,,,,,,
487,Kaapo Kakko,N,RW,129,SEA,25,$4.5,200.1,2.5,-134.7,-10.8,—,N/A,, ,79,15.1,17,29,45,113,4,10,0,0,22,51,-5,26,2,27,28,50%,,,,,,,,,,
488,Marcus Foligno,N,LW,122,MIN,35,$4.0,193.7,2.5,-135.0,-10.8,—,N/A,, ,76,12.7,9,10,19,78,0,0,0,0,53,218,2,57,1,10,14,40%,,,,,,,,,,
489,Ilya Protas,N,LW,123,WSH,20,$0.9,192.4,2.7,-136.4,-10.9,—,N/A,, ,72,13.0,14,20,35,123,3,8,0,0,30,85,0,29,2,140,211,40%,,,,,,,,,,
490,Colton Dach,N,"C,LW",124,EDM,23,$1.2,192.2,2.6,-136.5,-10.9,—,N/A,, ,75,11.5,7,12,19,75,1,2,0,0,36,233,4,37,1,35,48,42%,,,,,,,,,,
491,Keegan Kolesar,N,RW,130,DET,29,$2.5,197.3,2.4,-137.5,-11.0,—,N/A,, ,84,11.6,8,13,20,74,0,0,0,1,44,240,-3,42,1,10,17,36%,,,,,,,,,,
492,Nick Paul,N,"C,LW",127,TOR,31,$3.2,190.1,2.4,-138.6,-11.1,—,N/A,, ,78,14.5,15,15,30,115,2,3,0,1,34,91,-1,22,2,435,395,52%,,,,,,,,,,
493,Sean Couturier,N,C,119,PHI,33,$7.8,189.5,2.3,-139.0,-11.1,—,N/A,, ,82,14.3,11,21,31,114,0,0,0,1,42,78,1,29,2,584,483,55%,,,,,,,,,,
494,Jack Drury,N,C,120,NSH,26,$4.5,189.4,2.3,-139.2,-11.1,—,N/A,, ,82,15.6,11,18,29,115,1,2,0,0,62,56,-2,34,2,591,439,57%,,,,,,,,,,
495,Jiri Kulich,N,C,121,BUF,22,$0.9,189.3,2.8,-139.2,-11.1,—,N/A,, ,67,16.2,18,16,35,137,1,3,0,0,45,52,1,24,3,342,429,44%,,,,,,,,,,
496,Tye Kartye,N,LW,129,NYR,25,$1.3,189.4,2.4,-139.4,-11.1,—,N/A,, ,78,11.6,9,13,22,77,0,0,0,1,43,202,-2,33,1,8,19,30%,,,,,,,,,,
497,William Karlsson,N,C,122,VGK,33,$5.9,189.0,2.8,-139.5,-11.2,—,N/A,, ,67,15.3,13,18,31,132,1,3,2,2,46,36,4,14,2,454,339,57%,,,,,,,,,,
498,Yegor Sharangovich,N,"C,LW,RW",131,CGY,28,$5.8,194.8,2.4,-140.1,-11.2,—,N/A,, ,82,16.3,19,18,37,151,4,8,2,2,36,29,-10,15,3,70,105,40%,,,,,,,,,,
499,Dakota Joshua,N,"C,LW",131,TOR,30,$3.3,188.4,2.5,-140.3,-11.2,—,N/A,, ,74,11.6,11,10,21,67,0,0,0,0,39,220,1,37,1,17,24,41%,,,,,,,,,,
500,Connor Dewar,N,"C,LW",132,PIT,27,$2.3,188.2,2.4,-140.5,-11.2,—,N/A,, ,78,13.3,11,13,24,101,0,0,1,1,49,150,-1,24,2,79,92,46%,,,,,,,,,,
501,Declan Chisholm,N,D,195,N.J,26,$1.6,103.3,1.5,-140.5,-11.2,—,N/A,, ,67,15.3,2,11,13,57,0,0,0,0,70,48,0,16,0,0,0,0%,,,,,,,,,,
502,Jake Evans,N,C,128,MTL,30,$2.9,187.6,2.3,-140.9,-11.3,—,N/A,, ,82,15.4,11,18,29,88,0,0,2,3,58,106,1,21,2,561,482,54%,,,,,,,,,,
503,Justin Hryckowian,N,"C,LW",134,DAL,25,$1.0,187.8,2.3,-141.0,-11.3,—,N/A,, ,81,13.5,13,16,29,88,1,3,0,0,44,117,5,36,2,192,155,55%,,,,,,,,,,
504,Konsta Helenius,N,C,131,BUF,20,$1.0,186.5,2.5,-142.0,-11.4,130.4,-373.6,,+,76,12.9,14,22,35,118,0,0,0,0,32,84,2,20,2,91,128,42%,,,,,,,,,,
505,Dmitri Simashev,N,D,196,UTA,21,$1.0,101.8,1.7,-142.0,-11.4,—,N/A,, ,62,15.2,2,8,10,65,0,0,0,0,66,51,-1,24,0,0,0,0%,,,,,,,,,,
506,Thomas Novak,N,"C,LW",138,PIT,29,$3.5,186.6,2.4,-142.1,-11.4,—,N/A,, ,79,14.5,17,23,40,130,4,8,0,0,35,21,1,19,2,209,281,43%,,,,,,,,,,
507,Noah Laba,N,C,132,NYR,23,$0.9,185.9,2.3,-142.6,-11.4,—,N/A,, ,81,14.1,11,18,29,90,2,4,0,0,47,116,0,32,2,379,365,51%,,,,,,,,,,
508,Michael Amadio,N,"LW,RW",132,OTT,30,$2.6,191.5,2.3,-143.4,-11.5,—,N/A,, ,82,15.2,14,19,33,101,0,0,0,1,49,102,2,22,2,21,27,44%,,,,,,,,,,
509,Alex Killorn,N,"LW,RW",133,ANA,36,$6.3,190.8,2.3,-144.0,-11.5,—,N/A,, ,82,16.9,14,16,31,144,2,4,0,1,31,75,-3,34,2,34,64,35%,,,,,,,,,,
510,Ryan Poehling,N,C,134,ANA,27,$3.8,184.1,2.3,-144.4,-11.6,—,N/A,, ,80,14.8,12,22,34,100,0,0,2,4,90,50,-3,17,2,515,527,49%,,,,,,,,,,
511,Drew O'Connor,N,"LW,RW",134,VAN,28,$2.5,189.9,2.3,-144.9,-11.6,—,N/A,, ,84,15.0,15,15,31,140,0,0,2,3,41,80,-10,32,2,49,58,46%,,,,,,,,,,
512,Nikolas Matinpalo,N,D,197,OTT,27,$0.9,98.7,1.5,-145.1,-11.6,—,N/A,, ,65,15.7,1,7,8,51,0,0,0,1,74,64,1,26,0,0,0,0%,,,,,,,,,,
513,Barrett Hayton,N,C,135,UTA,26,$4.8,182.8,2.4,-145.7,-11.7,—,N/A,, ,76,15.3,13,18,31,128,4,7,0,0,37,41,2,37,2,475,420,53%,,,,,,,,,,
514,Tanner Jeannot,N,"LW,RW",135,BOS,29,$3.4,189.0,2.4,-145.9,-11.7,—,N/A,, ,78,12.0,7,11,18,75,0,0,0,0,52,219,-3,63,1,11,15,43%,,,,,,,,,,
515,Matthew Wood,N,"C,RW",136,NSH,21,$1.0,188.8,2.4,-146.0,-11.7,—,N/A,, ,79,13.4,17,17,35,123,3,8,0,0,31,67,-3,22,2,98,150,39%,,,,,,,,,,
516,Evan Rodrigues,N,"C,LW,RW",137,N.J,33,$3.1,188.1,2.3,-146.8,-11.7,—,N/A,, ,82,14.0,11,17,29,151,2,4,1,1,27,81,1,33,2,275,310,47%,,,,,,,,,,
517,Collin Graf,N,"LW,RW",138,S.J,23,$4.3,187.4,2.3,-147.5,-11.8,—,N/A,, ,80,14.8,17,19,36,104,0,1,2,3,44,76,-2,17,2,6,15,29%,,,,,,,,,,
518,Jordan Martinook,N,"LW,RW",139,CAR,34,$3.1,187.3,2.3,-147.5,-11.8,—,N/A,, ,83,14.3,12,17,28,115,0,0,1,1,50,100,6,30,2,36,41,47%,,,,,,,,,,
519,Warren Foegele,N,"LW,RW",140,OTT,30,$3.5,187.3,2.3,-147.5,-11.8,—,N/A,, ,82,13.1,16,13,29,139,1,2,0,0,27,78,2,24,3,14,19,43%,,,,,,,,,,
520,Tyler Seguin,N,"C,RW",141,DAL,34,$9.9,187.2,2.9,-147.7,-11.8,—,N/A,, ,64,15.2,17,23,40,101,2,5,0,0,20,47,5,18,3,283,234,55%,,,,,,,,,,
521,Cole Koepke,N,LW,140,WPG,28,$1.5,180.5,2.5,-148.2,-11.9,—,N/A,, ,73,11.5,9,9,18,95,0,0,1,1,26,193,1,15,2,0,2,0%,,,,,,,,,,
522,Linus Karlsson,N,RW,142,VAN,26,$2.3,186.6,2.5,-148.2,-11.9,—,N/A,, ,74,14.0,15,20,34,118,2,5,0,0,26,88,-9,24,2,15,39,28%,,,,,,,,,,
523,Peyton Krebs,N,"C,LW",141,BUF,25,$4.5,179.7,2.1,-149.0,-11.9,—,N/A,, ,84,12.2,9,19,29,83,0,0,0,0,35,150,1,43,1,224,260,46%,,,,,,,,,,
524,Casey Mittelstadt,N,"C,LW",142,BOS,27,$5.8,179.4,2.2,-149.3,-11.9,—,N/A,, ,82,15.1,15,27,43,98,2,8,0,0,28,34,-2,22,2,218,247,47%,,,,,,,,,,
525,Alex Newhook,N,"C,LW",143,MTL,25,$2.9,179.1,2.4,-149.6,-12.0,—,N/A,, ,74,14.7,17,16,33,104,1,3,0,0,32,81,2,22,3,224,273,45%,,,,,,,,,,
526,Yanni Gourde,N,C,141,T.B,34,$2.3,178.2,2.2,-150.3,-12.0,—,N/A,, ,80,15.1,9,20,29,109,0,0,0,0,35,111,6,46,2,382,431,47%,,,,,,,,,,
527,Martin Pospisil,N,"C,RW",143,CGY,26,$2.5,184.3,2.6,-150.5,-12.0,—,N/A,, ,71,11.9,5,13,19,89,0,0,0,0,26,226,-6,48,1,47,63,43%,,,,,,,,,,
528,Zemgus Girgensons,N,LW,145,T.B,32,$0.9,178.0,2.2,-150.7,-12.1,—,N/A,, ,81,13.3,7,9,16,94,0,0,0,0,46,180,5,32,1,101,116,46%,,,,,,,,,,
529,Oliver Kapanen,N,C,142,MTL,23,$0.9,177.5,2.3,-151.0,-12.1,—,N/A,, ,78,14.1,17,15,33,121,1,2,1,2,56,38,1,22,3,279,338,45%,,,,,,,,,,
530,Spencer Stastney,N,D,198,EDM,26,$1.5,92.5,1.4,-151.3,-12.1,—,N/A,, ,67,15.2,2,9,11,54,0,0,0,0,67,33,4,20,0,0,0,0%,,,,,,,,,,
531,Michael Eyssimont,N,LW,146,BOS,29,$1.5,177.2,2.3,-151.5,-12.1,—,N/A,, ,79,11.8,10,11,21,147,0,0,0,0,31,97,-1,51,1,5,7,43%,,,,,,,,,,
532,Justin Brazeau,N,RW,144,PIT,28,$1.5,183.2,2.4,-151.7,-12.1,—,N/A,, ,77,11.6,13,14,27,102,1,2,0,0,45,115,0,15,2,1,6,12%,,,,,,,,,,
533,Troy Terry,Y,RW,145,ANA,28,$7.0,182.5,3.5,-152.3,-12.2,—,N/A,, ,52,18.5,15,26,42,131,2,8,1,2,19,10,-1,16,2,4,7,37%,,,,,,,,,,
534,Ryan Donato,N,"C,LW,RW",146,CHI,30,$4.0,181.7,2.2,-153.1,-12.2,—,N/A,, ,83,13.4,16,17,34,120,1,2,0,0,22,85,-8,29,2,154,186,45%,,,,,,,,,,
535,Josh Anderson,N,RW,147,MTL,32,$5.5,181.5,2.2,-153.4,-12.3,—,N/A,, ,82,13.2,12,10,22,98,0,0,1,2,44,146,1,63,2,22,14,60%,,,,,,,,,,
536,Michael Carcone,N,LW,147,UTA,30,$1.8,174.6,2.2,-154.1,-12.3,—,N/A,, ,79,11.1,12,12,24,116,1,1,0,0,19,118,2,23,2,10,14,43%,,,,,,,,,,
537,Zachary L'Heureux,N,LW,148,COL,23,$0.9,174.3,2.5,-154.4,-12.4,—,N/A,, ,69,13.0,8,10,18,84,0,2,0,0,36,176,6,37,2,2,12,15%,,,,,,,,,,
538,Joel Hanley,N,D,199,CGY,35,$1.8,88.6,1.2,-155.2,-12.4,—,N/A,, ,74,15.4,0,7,6,26,0,0,0,0,100,65,-7,36,0,0,0,0%,,,,,,,,,,
539,Vincent Iorio,N,D,200,NYR,23,$0.9,88.3,1.6,-155.5,-12.4,—,N/A,, ,56,15.5,1,8,9,42,0,0,0,0,71,48,-1,21,0,0,0,0%,,,,,,,,,,
540,Dalibor Dvorsky,N,C,144,STL,21,$0.9,173.0,2.2,-155.5,-12.4,—,N/A,, ,79,14.7,14,15,29,108,5,8,0,0,29,88,-4,29,2,381,447,46%,,,,,,,,,,
541,Connor Zary,N,"C,LW,RW",148,CGY,24,$3.8,178.8,2.3,-156.1,-12.5,—,N/A,, ,77,15.3,16,18,34,125,2,7,0,0,26,51,-7,25,2,83,111,43%,,,,,,,,,,
542,Adam Boqvist,N,D,201,NYI,26,$0.0,86.0,1.4,-157.8,-12.6,—,N/A,, ,63,12.8,2,8,11,47,0,1,0,0,52,46,-4,15,0,0,0,0%,,,,,,,,,,
543,Jaden Schwartz,N,"C,LW",152,COL,34,$3.3,170.3,2.2,-158.4,-12.7,—,N/A,, ,76,13.3,14,16,30,111,2,4,0,0,42,44,5,18,3,42,35,55%,,,,,,,,,,
544,Gage Goncalves,N,"C,LW",154,T.B,25,$1.2,168.7,2.2,-160.0,-12.8,—,N/A,, ,77,12.9,12,20,31,84,1,3,0,0,30,87,8,28,2,8,13,38%,,,,,,,,,,
545,Alexei Toropchenko,N,"LW,RW",149,STL,27,$2.5,174.0,2.2,-160.8,-12.9,—,N/A,, ,81,11.7,7,10,17,88,0,0,1,2,58,169,-4,24,1,3,4,41%,,,,,,,,,,
546,Trent Frederic,N,"C,LW,RW",150,EDM,28,$3.9,173.7,2.2,-161.2,-12.9,—,N/A,, ,79,11.5,8,9,17,88,0,0,0,0,31,186,4,41,1,96,99,49%,,,,,,,,,,
547,Pius Suter,N,"C,LW",158,STL,30,$4.1,167.2,2.1,-161.5,-12.9,—,N/A,, ,79,14.4,16,16,33,109,1,2,1,2,32,53,0,20,2,280,326,46%,,,,,,,,,,
548,Matias Maccelli,N,"LW,RW",151,NYI,25,$2.3,173.1,2.2,-161.8,-12.9,—,N/A,, ,78,14.3,14,25,39,109,2,7,0,0,20,32,-3,16,2,4,6,43%,,,,,,,,,,
549,Connor Brown,N,RW,152,N.J,32,$3.0,172.3,2.1,-162.5,-13.0,—,N/A,, ,82,15.5,14,20,33,120,2,5,1,2,39,32,-1,16,2,11,21,35%,,,,,,,,,,
550,Aatu Raty,N,C,149,VAN,23,$0.8,165.8,2.3,-162.8,-13.0,—,N/A,, ,71,12.4,8,10,18,72,0,0,0,1,23,159,-8,24,1,512,348,60%,,,,,,,,,,
551,Garnet Hathaway,N,RW,153,FLA,34,$2.4,171.8,2.2,-163.0,-13.0,—,N/A,, ,79,9.7,4,5,9,53,0,0,1,1,58,246,3,46,1,14,12,54%,,,,,,,,,,
552,Casey Cizikas,N,"C,LW",159,NYI,35,$2.5,165.3,2.0,-163.5,-13.1,—,N/A,, ,83,11.7,7,8,15,80,0,0,1,1,57,155,-4,25,1,346,288,55%,,,,,,,,,,
553,Noel Acciari,N,"C,RW",154,PHI,34,$2.8,170.8,2.2,-164.0,-13.1,—,N/A,, ,78,13.5,8,9,18,93,0,0,0,0,77,115,0,19,1,365,322,53%,,,,,,,,,,
554,Paul Cotter,N,LW,160,VAN,26,$2.2,164.5,2.0,-164.2,-13.1,—,N/A,, ,82,10.6,10,8,18,72,0,0,0,0,26,192,-11,28,1,57,54,51%,,,,,,,,,,
555,Teddy Blueger,N,C,151,TOR,19,$2.5,164.3,2.1,-164.3,-13.1,—,N/A,, ,77,14.2,11,16,26,96,0,0,2,3,37,94,-1,39,1,421,413,50%,,,,,,,,,,
556,William Carrier,N,LW,161,CAR,31,$2.1,164.0,2.3,-164.7,-13.2,—,N/A,, ,72,10.8,7,10,17,83,0,0,0,0,21,175,6,21,1,8,11,44%,,,,,,,,,,
557,Steven Lorentz,N,"LW,RW",155,TOR,30,$1.4,169.0,2.2,-165.8,-13.3,—,N/A,, ,77,11.8,8,10,18,77,0,0,2,2,52,172,0,14,1,56,77,42%,,,,,,,,,,
558,Nino Niederreiter,N,"LW,RW",156,WPG,33,$4.0,168.3,2.1,-166.5,-13.3,—,N/A,, ,80,12.7,10,13,23,113,1,4,0,0,29,99,1,23,2,9,12,44%,,,,,,,,,,
559,Teuvo Teravainen,N,"LW,RW",157,CHI,31,$5.4,167.6,2.0,-167.2,-13.4,—,N/A,, ,82,16.4,12,23,36,99,4,10,1,2,43,32,-9,14,2,53,76,41%,,,,,,,,,,
560,Noah Ostlund,N,C,156,BUF,22,$0.9,161.2,2.2,-167.4,-13.4,—,N/A,, ,75,16.1,15,22,37,95,3,7,1,1,52,25,2,24,2,125,266,32%,,,,,,,,,,
561,Kent Johnson,N,"LW,RW",158,CBJ,23,$1.8,167.3,2.2,-167.5,-13.4,—,N/A,, ,77,13.6,13,21,34,115,2,5,0,0,35,22,1,20,2,0,5,6%,,,,,,,,,,
562,Nick Foligno,N,"C,LW",162,MIN,38,$0.9,161.1,2.1,-167.7,-13.4,—,N/A,, ,78,11.1,8,11,19,72,0,1,0,0,35,159,2,36,1,230,231,50%,,,,,,,,,,
563,Michael Rasmussen,N,"C,LW",164,DET,27,$3.2,158.5,2.0,-170.2,-13.6,—,N/A,, ,79,12.6,9,11,20,86,0,1,1,1,68,105,-2,24,1,131,149,47%,,,,,,,,,,
564,Anthony Beauvillier,N,LW,165,WSH,29,$2.8,158.3,1.9,-170.5,-13.6,—,N/A,, ,82,12.1,10,10,20,112,0,0,1,1,38,89,3,19,1,31,32,49%,,,,,,,,,,
565,Arttu Hyry,N,"C,RW",159,DAL,25,$0.9,163.9,2.4,-171.0,-13.7,—,N/A,, ,67,13.4,10,11,21,93,0,0,2,2,29,92,3,18,2,462,316,59%,,,,,,,,,,
566,Nick Cousins,N,LW,167,OTT,33,$1.6,157.5,2.0,-171.2,-13.7,—,N/A,, ,78,10.9,7,11,18,81,0,0,0,0,37,144,2,45,1,10,15,40%,,,,,,,,,,
567,Kirby Dach,N,"C,RW",160,MTL,25,$3.6,163.0,2.5,-171.9,-13.7,—,N/A,, ,65,14.0,12,13,26,89,1,4,0,0,44,94,1,37,2,88,128,41%,,,,,,,,,,
568,Alex Steeves,N,"C,LW",168,BOS,26,$1.6,156.7,2.7,-172.0,-13.8,—,N/A,, ,59,11.4,9,8,18,69,1,1,1,1,31,161,-1,21,1,3,5,38%,,,,,,,,,,
569,Jake Christiansen,N,D,202,CBJ,26,$1.0,71.5,1.1,-172.3,-13.8,—,N/A,, ,68,10.1,0,5,6,41,0,0,0,0,46,51,0,13,0,0,0,0%,,,,,,,,,,
570,Ryan Greene,N,"C,RW",161,CHI,22,$1.0,162.5,2.0,-172.4,-13.8,—,N/A,, ,83,16.2,14,19,33,113,1,3,1,1,39,55,-9,20,2,337,452,43%,,,,,,,,,,
571,Nicolas Roy,N,"C,RW",162,COL,29,$3.0,161.7,2.0,-173.1,-13.8,—,N/A,, ,80,13.4,11,17,28,85,1,3,0,1,43,79,5,27,2,362,370,49%,,,,,,,,,,
572,Phillip Danault,N,C,164,MTL,33,$5.5,155.2,1.9,-173.3,-13.9,—,N/A,, ,82,13.9,6,18,24,94,0,0,0,1,47,68,2,22,1,514,455,53%,,,,,,,,,,
573,Sam Steel,N,"C,LW",171,DAL,28,$2.1,155.0,1.9,-173.7,-13.9,—,N/A,, ,82,14.0,10,19,28,87,1,1,0,1,30,75,4,28,2,135,133,50%,,,,,,,,,,
574,Nick Lardis,N,LW,172,CHI,21,$0.9,154.8,2.3,-173.9,-13.9,—,N/A,, ,67,12.7,14,11,25,91,2,3,0,0,24,86,-8,19,2,2,2,50%,,,,,,,,,,
575,Colton Sissons,N,"C,RW",163,TOR,32,$4.3,160.6,2.0,-174.3,-13.9,—,N/A,, ,80,12.9,7,9,16,88,0,1,0,1,58,115,0,28,1,421,349,55%,,,,,,,,,,
576,Filip Chytil,N,C,167,VAN,26,$4.4,154.2,2.5,-174.4,-13.9,—,N/A,, ,61,15.4,14,15,28,129,1,4,0,0,21,35,-6,22,2,286,325,47%,,,,,,,,,,
577,Nils Hoglander,N,LW,173,NSH,25,$3.0,154.2,2.1,-174.5,-14.0,—,N/A,, ,75,12.6,12,13,25,92,0,1,0,0,23,93,-1,28,2,0,1,25%,,,,,,,,,,
578,Alex Texier,N,"LW,RW",164,MTL,26,$2.5,160.1,2.3,-174.7,-14.0,—,N/A,, ,71,13.3,11,16,28,100,1,2,0,0,23,80,2,25,2,4,15,22%,,,,,,,,,,
579,Jason Dickinson,N,C,168,EDM,31,$4.0,152.8,2.0,-175.7,-14.1,—,N/A,, ,78,13.6,10,11,20,79,0,0,1,1,54,101,4,25,2,476,484,50%,,,,,,,,,,
580,Sam Carrick,N,C,169,BUF,34,$1.0,152.6,1.9,-176.0,-14.1,—,N/A,, ,82,11.1,7,9,15,82,0,0,1,2,41,129,1,58,1,360,304,54%,,,,,,,,,,
581,Cody Glass,N,"C,RW",165,N.J,27,$2.5,157.7,2.1,-177.2,-14.2,—,N/A,, ,75,13.0,13,12,25,106,0,0,0,0,42,53,0,26,2,424,394,52%,,,,,,,,,,
582,Victor Olofsson,N,"LW,RW",166,VGK,31,$1.6,157.6,2.1,-177.3,-14.2,—,N/A,, ,77,13.1,12,15,28,126,2,4,0,0,23,31,4,14,2,2,6,22%,,,,,,,,,,
583,Samuel Helenius,N,C,171,L.A,23,$0.9,151.1,2.1,-177.4,-14.2,—,N/A,, ,71,9.4,7,7,14,58,0,0,0,0,28,201,-1,35,1,186,220,46%,,,,,,,,,,
584,Vladislav Namestnikov,N,"C,LW",174,WPG,33,$3.0,151.1,1.9,-177.6,-14.2,—,N/A,, ,79,12.3,9,14,24,86,2,5,0,0,41,90,1,23,2,152,211,42%,,,,,,,,,,
585,Sean Kuraly,N,"C,RW",167,BOS,33,$1.9,156.3,1.9,-178.6,-14.3,—,N/A,, ,82,12.9,5,12,17,100,0,0,0,0,47,115,-2,32,1,334,313,52%,,,,,,,,,,
586,Dominic James,N,C,172,T.B,24,$0.9,149.8,2.2,-178.7,-14.3,—,N/A,, ,68,11.8,10,13,23,85,1,1,0,0,23,95,6,17,2,211,208,50%,,,,,,,,,,
587,Brandon Duhaime,N,"LW,RW",168,TOR,29,$2.6,155.5,1.9,-179.3,-14.3,—,N/A,, ,84,11.4,6,8,14,72,0,0,1,1,56,163,0,61,1,15,24,38%,,,,,,,,,,
588,Ilya Mikheyev,N,"LW,RW",169,T.B,31,$3.9,155.5,1.9,-179.3,-14.3,—,N/A,, ,82,14.3,14,14,29,116,0,0,1,3,22,36,6,16,3,2,9,19%,,,,,,,,,,
589,Justin Sourdif,N,"C,RW",170,WSH,24,$0.8,155.4,2.0,-179.5,-14.4,—,N/A,, ,79,12.1,11,17,28,87,0,0,0,0,35,83,6,26,2,255,310,45%,,,,,,,,,,
590,Danila Yurov,N,"C,RW",171,MIN,22,$1.0,155.2,1.9,-179.7,-14.4,—,N/A,, ,80,13.2,14,17,31,92,1,3,0,0,46,71,2,29,2,321,492,39%,,,,,,,,,,
591,Alex Bump,N,LW,176,PHI,22,$1.0,149.0,2.2,-179.7,-14.4,—,N/A,, ,67,12.2,14,14,28,84,0,1,0,0,27,64,1,17,2,0,8,0%,,,,,,,,,,
592,Marat Khusnutdinov,N,"C,LW",177,BOS,24,$0.9,148.5,1.8,-180.2,-14.4,—,N/A,, ,81,13.8,13,16,29,78,0,1,0,0,44,57,-2,22,2,89,104,46%,,,,,,,,,,
593,Berkly Catton,N,"C,LW",178,SEA,20,$1.0,148.4,1.9,-180.4,-14.4,—,N/A,, ,77,14.4,12,17,28,110,2,5,0,0,37,25,-7,35,2,92,115,44%,,,,,,,,,,
594,Liam Ohgren,,LW,179,VAN,22,$0.9,148.2,2.2,-180.6,-14.4,—,N/A,, ,66,14.6,10,13,24,98,0,1,0,1,42,73,-10,11,1,7,13,35%,,,,,,,,,,
595,Ondrej Palat,N,LW,180,NYI,35,$6.0,148.0,1.8,-180.8,-14.5,—,N/A,, ,82,11.1,7,10,17,77,0,1,0,0,55,117,-4,16,1,4,10,30%,,,,,,,,,,
596,Nick Bjugstad,N,C,175,N.J,34,$1.8,147.6,1.9,-181.0,-14.5,—,N/A,, ,78,10.9,7,8,15,97,0,0,1,1,38,122,-1,28,1,259,272,49%,,,,,,,,,,
597,Ethen Frank,N,RW,172,WSH,28,$2.0,153.3,2.0,-181.5,-14.5,—,N/A,, ,76,11.0,11,11,23,93,0,1,0,0,49,72,4,20,2,1,6,13%,,,,,,,,,,
598,Max Domi,N,"C,LW",181,TOR,31,$3.8,145.6,1.8,-183.2,-14.7,—,N/A,, ,82,12.6,9,20,28,98,0,2,0,0,31,41,-1,54,1,204,199,51%,,,,,,,,,,
599,Nic Dowd,N,C,177,VGK,36,$3.0,144.1,1.8,-184.4,-14.8,—,N/A,, ,81,12.6,7,11,18,63,0,0,1,1,53,126,2,41,1,461,481,49%,,,,,,,,,,
600,Eric Robinson,N,"LW,RW",173,CAR,31,$1.7,149.4,1.9,-185.4,-14.8,—,N/A,, ,78,11.3,10,10,20,93,0,0,0,1,19,109,6,13,2,4,14,21%,,,,,,,,,,
601,Denver Barkey,N,LW,182,PHI,21,$0.9,143.1,2.0,-185.6,-14.8,—,N/A,, ,70,12.8,10,17,27,73,1,4,0,0,30,69,1,23,2,11,17,39%,,,,,,,,,,
602,J.T. Compher,N,C,179,DET,31,$5.1,141.8,1.7,-186.7,-14.9,—,N/A,, ,83,14.4,11,17,28,89,1,3,0,0,52,32,-3,22,2,440,490,47%,,,,,,,,,,
603,Blake Lizotte,N,C,180,PIT,28,$2.3,139.9,1.9,-188.6,-15.1,—,N/A,, ,74,13.5,10,13,22,72,0,0,0,1,46,78,-1,29,1,290,294,50%,,,,,,,,,,
604,Radek Faksa,N,C,182,DAL,32,$2.0,138.6,1.8,-189.9,-15.2,—,N/A,, ,77,11.5,4,13,17,55,0,0,1,3,54,111,4,24,1,326,262,55%,,,,,,,,,,
605,Kasperi Kapanen,N,RW,174,EDM,30,$2.6,144.6,2.0,-190.3,-15.2,—,N/A,, ,74,12.0,8,12,20,87,0,0,0,1,25,105,3,18,1,7,20,26%,,,,,,,,,,
606,Pontus Holmberg,N,RW,175,T.B,27,$1.6,144.4,1.9,-190.5,-15.2,—,N/A,, ,77,12.2,10,13,23,88,0,0,0,0,39,67,7,28,2,50,67,43%,,,,,,,,,,
607,Reid Schaefer,N,LW,186,NSH,22,$0.9,138.1,2.0,-190.6,-15.2,—,N/A,, ,69,10.0,8,6,14,59,0,0,0,0,41,148,-4,20,1,2,11,13%,,,,,,,,,,
608,Miles Wood,N,LW,188,CBJ,30,$2.5,136.9,1.9,-191.8,-15.3,—,N/A,, ,72,11.5,8,9,17,99,0,0,0,1,27,90,0,38,1,7,16,29%,,,,,,,,,,
609,Conor Geekie,N,C,183,T.B,22,$0.9,136.5,2.2,-192.1,-15.4,—,N/A,, ,63,11.5,8,9,18,65,1,1,0,0,29,124,4,20,1,120,159,43%,,,,,,,,,,
610,Alex Kerfoot,N,"C,LW,RW",176,NSH,32,$3.5,142.5,1.9,-192.4,-15.4,—,N/A,, ,75,13.2,10,14,23,72,0,1,1,1,55,70,-3,23,1,258,252,51%,,,,,,,,,,
611,Joe Veleno,N,C,184,NYR,26,$1.2,136.1,1.7,-192.4,-15.4,—,N/A,, ,79,10.6,5,7,12,62,0,0,0,0,37,153,-2,19,1,190,196,49%,,,,,,,,,,
612,Nate Danielson,N,C,185,DET,21,$0.9,135.1,2.0,-193.4,-15.5,—,N/A,, ,68,13.6,10,16,26,97,2,8,0,0,28,45,-2,19,2,165,273,38%,,,,,,,,,,
613,Jeffrey Viel,N,LW,190,T.B,29,$2.5,133.9,2.2,-194.8,-15.6,—,N/A,, ,61,10.9,5,8,13,72,0,0,0,0,27,136,5,48,1,2,5,24%,,,,,,,,,,
614,Adam Edstrom,N,"C,LW",191,NSH,25,$1.0,133.2,2.1,-195.5,-15.6,—,N/A,, ,64,11.3,7,7,14,66,0,0,0,0,43,127,-2,16,1,5,30,14%,,,,,,,,,,
615,Ryan Strome,N,C,187,CGY,33,$5.0,132.7,1.7,-195.8,-15.7,—,N/A,, ,78,13.0,9,19,28,94,1,3,0,0,26,45,-7,45,1,275,351,44%,,,,,,,,,,
616,Brandon Tanev,N,"LW,RW",177,UTA,34,$2.5,138.9,1.8,-195.9,-15.7,—,N/A,, ,77,9.4,4,6,10,60,0,0,0,0,51,167,-1,28,1,5,16,23%,,,,,,,,,,
617,Adam Gaudette,N,"C,RW",178,S.J,29,$2.0,138.6,1.9,-196.2,-15.7,—,N/A,, ,73,10.5,13,7,20,87,0,0,0,0,34,71,-2,18,2,0,0,49%,,,,,,,,,,
618,Elmer Soderblom,N,"LW,RW",179,PIT,25,$1.1,138.5,2.0,-196.3,-15.7,—,N/A,, ,68,11.0,8,10,18,80,0,0,0,0,24,111,0,20,1,4,8,34%,,,,,,,,,,
619,Joel Armia,N,RW,180,L.A,33,$2.5,138.5,1.7,-196.4,-15.7,—,N/A,, ,80,11.5,9,11,20,89,0,0,1,1,37,81,-2,23,1,19,45,30%,,,,,,,,,,
620,Braeden Bowman,N,"LW,RW",181,VGK,23,$0.9,137.6,1.9,-197.2,-15.8,—,N/A,, ,72,12.3,10,19,29,86,1,2,0,0,30,35,2,18,2,4,11,25%,,,,,,,,,,
621,Max Shabanov,N,RW,182,MIN,25,$1.6,137.5,2.0,-197.3,-15.8,—,N/A,, ,68,13.1,9,16,25,86,1,4,0,0,26,50,1,14,1,0,3,0%,,,,,,,,,,
622,Mason Appleton,N,RW,183,DET,30,$2.9,137.2,1.7,-197.6,-15.8,—,N/A,, ,80,12.6,8,11,19,82,0,0,0,1,35,97,-2,23,1,9,13,41%,,,,,,,,,,
623,Maxim Tsyplakov,N,"LW,RW",184,CGY,27,$2.2,136.7,1.8,-198.2,-15.9,—,N/A,, ,76,10.5,6,12,18,78,0,0,0,0,24,124,-7,20,1,13,16,44%,,,,,,,,,,
624,Stefan Noesen,N,RW,185,N.J,33,$2.8,135.5,1.8,-199.4,-16.0,—,N/A,, ,76,10.6,8,10,18,86,1,2,0,0,24,92,0,31,1,31,34,47%,,,,,,,,,,
625,Brad Lambert,N,C,191,WPG,22,$0.9,128.5,2.3,-200.0,-16.0,—,N/A,, ,55,13.9,10,13,22,79,1,4,0,0,22,61,0,18,2,15,35,30%,,,,,,,,,,
626,Nico Sturm,N,C,192,MIN,31,$2.0,127.8,1.7,-200.8,-16.1,—,N/A,, ,74,10.5,6,8,14,59,0,0,1,1,33,101,2,19,1,329,239,58%,,,,,,,,,,
627,Tim Washe,N,C,193,ANA,25,$0.8,127.7,2.1,-200.8,-16.1,—,N/A,, ,61,12.2,5,6,11,55,0,0,0,0,37,126,-3,20,1,351,259,58%,,,,,,,,,,
628,Mark Jankowski,N,C,194,CAR,31,$1.9,126.8,1.7,-201.8,-16.1,—,N/A,, ,74,10.9,10,7,18,70,0,0,0,0,43,61,7,20,2,339,326,51%,,,,,,,,,,
629,Corey Perry,N,RW,186,L.A,41,$1.0,132.7,1.7,-202.2,-16.2,—,N/A,, ,79,11.2,12,11,23,91,2,3,0,0,24,46,0,44,2,7,17,29%,,,,,,,,,,
630,Frederick Gaudreau,N,"C,RW",187,SEA,33,$2.1,132.7,1.7,-202.2,-16.2,—,N/A,, ,80,15.0,8,15,24,85,1,1,0,0,57,47,-9,15,1,367,422,46%,,,,,,,,,,
631,Jesper Boqvist,N,"C,LW",196,N.J,27,$1.5,125.6,1.6,-203.1,-16.2,—,N/A,, ,78,9.6,6,8,14,60,0,0,0,0,28,134,-1,14,1,43,75,37%,,,,,,,,,,
632,Liam O'Brien,N,"LW,RW",188,UTA,32,$1.0,131.6,1.9,-203.3,-16.3,—,N/A,, ,68,9.1,3,4,7,60,0,0,0,0,27,184,0,46,1,7,11,38%,,,,,,,,,,
633,Andrew Mangiapane,N,"LW,RW",189,CHI,30,$3.6,131.1,1.6,-203.8,-16.3,—,N/A,, ,80,11.5,10,11,21,74,0,0,1,1,34,79,-7,24,1,4,5,43%,,,,,,,,,,
634,Jonathan Drouin,N,"LW,RW",190,STL,31,$0.0,130.7,1.7,-204.1,-16.3,—,N/A,, ,75,13.4,8,20,28,83,1,4,0,0,29,28,-2,15,1,80,85,48%,,,,,,,,,,
635,Colin Blackwell,N,"C,RW",191,DAL,33,$0.8,130.6,1.7,-204.2,-16.3,—,N/A,, ,75,11.5,5,10,15,71,0,0,1,1,37,118,4,23,1,130,155,46%,,,,,,,,,,
636,Alex Turcotte,N,"C,LW",197,L.A,25,$0.8,124.2,1.7,-204.5,-16.4,—,N/A,, ,72,10.8,6,14,20,76,0,0,0,0,36,65,0,21,1,224,229,50%,,,,,,,,,,
637,Jeff Malott,N,LW,198,ANA,30,$1.9,123.7,1.9,-205.0,-16.4,—,N/A,, ,65,8.8,3,6,9,58,0,0,0,0,30,159,-2,25,0,5,11,32%,,,,,,,,,,
638,Oliver Moore,N,"C,RW",192,CHI,21,$0.9,128.6,1.8,-206.2,-16.5,—,N/A,, ,71,12.7,7,18,25,80,1,3,0,0,23,58,-7,25,1,132,147,47%,,,,,,,,,,
639,Otto Stenberg,N,C,197,STL,21,$0.9,121.9,1.9,-206.6,-16.5,—,N/A,, ,63,11.9,7,12,19,60,0,0,0,1,28,91,-2,15,1,7,17,29%,,,,,,,,,,
640,Daniil But,N,"LW,RW",193,UTA,21,$1.0,127.3,2.1,-207.5,-16.6,—,N/A,, ,62,12.5,8,9,17,85,1,4,0,0,36,62,2,19,1,15,30,33%,,,,,,,,,,
641,Ozzy Wiesblatt,N,RW,194,NSH,24,$0.8,126.9,2.1,-208.0,-16.6,—,N/A,, ,60,12.2,5,9,13,52,0,0,0,0,32,146,-2,35,1,3,9,26%,,,,,,,,,,
642,Taylor Raddysh,N,RW,195,NYR,28,$1.5,126.4,1.6,-208.5,-16.7,—,N/A,, ,80,11.4,8,12,20,73,0,1,0,0,38,69,-1,18,1,7,17,28%,,,,,,,,,,
643,Isak Rosen,N,RW,196,WPG,23,$0.9,125.8,2.2,-209.0,-16.7,—,N/A,, ,58,13.9,10,11,22,75,2,5,0,0,33,43,0,12,2,2,5,28%,,,,,,,,,,
644,Zack Ostapchuk,N,C,198,S.J,23,$2.4,119.1,1.7,-209.4,-16.8,—,N/A,, ,69,10.4,4,5,9,51,0,0,0,0,34,147,-3,32,1,257,263,49%,,,,,,,,,,
645,Jonathan Lekkerimaki,N,RW,197,VAN,22,$0.9,123.5,2.1,-211.3,-16.9,—,N/A,, ,59,12.8,9,10,20,70,2,5,0,0,24,71,-7,14,1,0,1,0%,,,,,,,,,,
646,Lars Eller,N,C,199,FLA,37,$0.9,117.1,1.4,-211.4,-16.9,—,N/A,, ,81,10.4,5,9,14,76,0,0,0,1,35,67,2,21,1,338,302,53%,,,,,,,,,,
647,Max Sasson,N,"C,LW",201,VAN,25,$1.0,115.9,1.6,-212.8,-17.0,—,N/A,, ,71,12.1,12,9,20,70,0,1,0,0,39,51,-9,21,1,135,184,42%,,,,,,,,,,
648,Isaac Howard,N,LW,202,EDM,22,$1.0,115.0,1.9,-213.7,-17.1,—,N/A,, ,62,11.9,7,10,17,84,1,1,0,0,20,55,3,21,1,0,0,0%,,,,,,,,,,
649,Ben Meyers,N,"C,LW",203,SEA,27,$1.0,115.0,1.8,-213.8,-17.1,—,N/A,, ,63,12.1,7,9,16,69,0,0,0,0,20,85,-6,19,1,215,191,53%,,,,,,,,,,
650,Alex Holtz,N,RW,198,VGK,24,$0.8,120.9,1.7,-213.9,-17.1,—,N/A,, ,70,10.6,7,11,18,78,0,0,0,0,24,70,3,16,1,7,19,25%,,,,,,,,,,
651,Nikita Grebenkin,N,"LW,RW",199,PHI,23,$1.1,120.3,1.7,-214.5,-17.2,—,N/A,, ,73,10.8,6,12,18,49,0,0,0,0,24,111,-1,25,1,5,2,69%,,,,,,,,,,
652,Filip Hallander,N,LW,204,PIT,26,$0.8,113.9,2.1,-214.8,-17.2,—,N/A,, ,55,12.8,7,11,17,76,0,0,2,2,26,60,0,15,1,0,8,0%,,,,,,,,,,
653,Anthony Duclair,N,LW,205,NYI,31,$3.5,113.6,1.5,-215.1,-17.2,—,N/A,, ,74,11.0,9,10,20,72,1,2,0,0,37,34,-4,15,1,4,10,28%,,,,,,,,,,
654,Lenni Hameenaho,N,RW,200,N.J,21,$1.0,117.7,1.8,-217.1,-17.4,—,N/A,, ,64,11.3,6,11,18,81,0,0,0,0,30,61,0,20,1,0,9,0%,,,,,,,,,,
655,Andre Burakovsky,N,"LW,RW",201,OTT,31,$5.5,116.7,1.5,-218.2,-17.5,—,N/A,, ,79,11.8,7,15,22,75,1,3,0,0,28,32,0,15,1,3,4,45%,,,,,,,,,,
656,Jonatan Berggren,N,RW,202,STL,26,$2.0,116.2,1.6,-218.6,-17.5,—,N/A,, ,71,11.5,8,13,22,69,1,1,0,0,19,57,-2,15,1,3,4,42%,,,,,,,,,,
657,Josh Samanski,N,C,202,EDM,24,$1.0,109.1,1.8,-219.4,-17.6,—,N/A,, ,60,12.5,8,9,17,49,0,0,0,0,35,71,4,18,1,160,171,48%,,,,,,,,,,
658,Fedor Svechkov,N,C,203,COL,23,$1.3,107.6,1.4,-220.9,-17.7,—,N/A,, ,75,11.0,6,12,18,71,0,1,0,0,30,65,4,20,1,207,307,40%,,,,,,,,,,
659,Jonah Gadjovich,Y,LW,206,FLA,18,$0.9,107.8,1.8,-221.0,-17.7,—,N/A,, ,61,7.9,4,4,8,49,0,0,0,0,24,134,2,87,1,1,2,32%,,,,,,,,,,
660,Matt Rempe,N,RW,203,NYR,24,$1.0,113.2,1.8,-221.7,-17.7,—,N/A,, ,62,8.5,4,5,9,44,0,0,0,0,20,156,0,39,1,6,15,27%,,,,,,,,,,
661,Isac Lundestrom,N,C,204,CBJ,26,$1.3,105.8,1.4,-222.7,-17.8,—,N/A,, ,78,12.4,6,10,15,61,0,0,0,0,45,57,0,11,1,205,219,48%,,,,,,,,,,
662,Logan O'Connor,N,RW,204,COL,30,$2.5,111.7,1.6,-223.1,-17.8,—,N/A,, ,69,11.5,7,9,15,69,0,0,1,1,32,66,5,22,1,15,26,37%,,,,,,,,,,
663,Jaroslav Chmelar,N,RW,205,NYR,23,$0.9,111.4,1.8,-223.4,-17.9,—,N/A,, ,62,9.2,6,5,12,50,0,0,0,0,31,112,0,17,1,0,9,0%,,,,,,,,,,
664,Hendrix Lapierre,N,C,205,PIT,24,$1.3,104.8,1.5,-223.7,-17.9,—,N/A,, ,72,10.2,5,14,20,62,0,0,0,0,28,64,0,17,1,131,204,39%,,,,,,,,,,
665,Oskar Back,N,"C,LW",208,DAL,26,$0.8,100.6,1.3,-228.1,-18.2,—,N/A,, ,80,12.0,6,10,16,53,0,0,1,1,40,47,5,15,1,45,51,47%,,,,,,,,,,
666,Landon Slaggert,N,"LW,RW",206,CHI,24,$0.9,105.3,1.6,-229.6,-18.4,—,N/A,, ,66,11.2,5,7,11,61,0,0,0,0,31,94,-6,19,1,1,4,19%,,,,,,,,,,
667,Ryan Winterton,N,RW,207,SEA,22,$1.1,101.7,1.6,-233.1,-18.6,—,N/A,, ,65,10.4,4,9,13,67,0,0,0,0,29,74,-6,14,0,0,5,6%,,,,,,,,,,
668,Jacob Quillan,N,C,207,TOR,24,$0.9,93.5,1.6,-235.1,-18.8,—,N/A,, ,60,10.0,4,6,9,43,0,0,0,0,31,110,0,12,1,168,240,41%,,,,,,,,,,
669,Justin Kirkland,N,C,208,MIN,30,$0.9,83.5,1.5,-245.1,-19.6,—,N/A,, ,57,8.7,3,6,9,33,0,0,0,0,27,90,2,13,1,147,167,47%,,,,,,,,,,
670,Jonas Rondbjerg,N,RW,208,VGK,27,$0.9,89.7,1.6,-245.2,-19.6,—,N/A,, ,54,11.3,4,7,11,61,0,0,0,0,22,60,2,11,1,0,6,7%,,,,,,,,,,